"date","Train","Passengers"
2013-01-05,1,10
2013-01-10,1,19
2013-01-15,1,6
2013-01-20,1,15
2013-01-25,1,14
2013-01-30,1,10
2013-02-04,1,10
2013-02-09,1,9
2013-02-14,1,12
2013-02-19,1,9
2013-02-24,1,17
2013-03-01,1,16
2013-03-06,1,12
2013-03-11,1,14
2013-03-16,1,18
2013-03-21,1,14
2013-03-26,1,10
2013-03-31,1,29
2013-04-05,1,16
2013-04-10,1,15
2013-04-15,1,10
2013-04-20,1,21
2013-04-25,1,21
2013-04-30,1,15
2013-05-05,1,29
2013-05-10,1,17
2013-05-15,1,27
2013-05-20,1,16
2013-05-25,1,19
2013-05-30,1,17
2013-06-04,1,10
2013-06-09,1,34
2013-06-14,1,17
2013-06-19,1,16
2013-06-24,1,17
2013-06-29,1,19
2013-07-04,1,21
2013-07-09,1,20
2013-07-14,1,29
2013-07-19,1,22
2013-07-24,1,24
2013-07-29,1,24
2013-08-03,1,19
2013-08-08,1,14
2013-08-13,1,10
2013-08-18,1,24
2013-08-23,1,18
2013-08-28,1,13
2013-09-02,1,13
2013-09-07,1,20
2013-09-12,1,22
2013-09-17,1,16
2013-09-22,1,20
2013-09-27,1,19
2013-10-02,1,16
2013-10-07,1,15
2013-10-12,1,15
2013-10-17,1,17
2013-10-22,1,15
2013-10-27,1,26
2013-11-01,1,19
2013-11-06,1,14
2013-11-11,1,15
2013-11-16,1,25
2013-11-21,1,17
2013-11-26,1,20
2013-12-01,1,17
2013-12-06,1,16
2013-12-11,1,8
2013-12-16,1,8
2013-12-21,1,16
2013-12-26,1,13
2013-12-31,1,6
2014-01-05,1,12
2014-01-10,1,8
2014-01-15,1,11
2014-01-20,1,11
2014-01-25,1,14
2014-01-30,1,17
2014-02-04,1,16
2014-02-09,1,26
2014-02-14,1,13
2014-02-19,1,13
2014-02-24,1,13
2014-03-01,1,20
2014-03-06,1,27
2014-03-11,1,22
2014-03-16,1,21
2014-03-21,1,16
2014-03-26,1,13
2014-03-31,1,13
2014-04-05,1,24
2014-04-10,1,22
2014-04-15,1,19
2014-04-20,1,30
2014-04-25,1,21
2014-04-30,1,15
2014-05-05,1,13
2014-05-10,1,19
2014-05-15,1,23
2014-05-20,1,21
2014-05-25,1,29
2014-05-30,1,15
2014-06-04,1,20
2014-06-09,1,21
2014-06-14,1,28
2014-06-19,1,32
2014-06-24,1,20
2014-06-29,1,22
2014-07-04,1,19
2014-07-09,1,24
2014-07-14,1,16
2014-07-19,1,25
2014-07-24,1,20
2014-07-29,1,19
2014-08-03,1,26
2014-08-08,1,34
2014-08-13,1,23
2014-08-18,1,20
2014-08-23,1,30
2014-08-28,1,22
2014-09-02,1,19
2014-09-07,1,25
2014-09-12,1,19
2014-09-17,1,16
2014-09-22,1,23
2014-09-27,1,21
2014-10-02,1,18
2014-10-07,1,16
2014-10-12,1,27
2014-10-17,1,18
2014-10-22,1,13
2014-10-27,1,14
2014-11-01,1,26
2014-11-06,1,29
2014-11-11,1,20
2014-11-16,1,23
2014-11-21,1,26
2014-11-26,1,12
2014-12-01,1,13
2014-12-06,1,11
2014-12-11,1,15
2014-12-16,1,12
2014-12-21,1,19
2014-12-26,1,24
2014-12-31,1,15
2015-01-05,1,11
2015-01-10,1,17
2015-01-15,1,20
2015-01-20,1,10
2015-01-25,1,13
2015-01-30,1,14
2015-02-04,1,12
2015-02-09,1,13
2015-02-14,1,31
2015-02-19,1,9
2015-02-24,1,18
2015-03-01,1,12
2015-03-06,1,22
2015-03-11,1,9
2015-03-16,1,18
2015-03-21,1,20
2015-03-26,1,24
2015-03-31,1,18
2015-04-05,1,27
2015-04-10,1,26
2015-04-15,1,15
2015-04-20,1,12
2015-04-25,1,15
2015-04-30,1,19
2015-05-05,1,25
2015-05-10,1,29
2015-05-15,1,33
2015-05-20,1,26
2015-05-25,1,13
2015-05-30,1,25
2015-06-04,1,23
2015-06-09,1,30
2015-06-14,1,23
2015-06-19,1,16
2015-06-24,1,30
2015-06-29,1,25
2015-07-04,1,32
2015-07-09,1,21
2015-07-14,1,23
2015-07-19,1,25
2015-07-24,1,31
2015-07-29,1,22
2015-08-03,1,15
2015-08-08,1,22
2015-08-13,1,16
2015-08-18,1,16
2015-08-23,1,23
2015-08-28,1,26
2015-09-02,1,11
2015-09-07,1,8
2015-09-12,1,21
2015-09-17,1,19
2015-09-22,1,14
2015-09-27,1,19
2015-10-02,1,24
2015-10-07,1,18
2015-10-12,1,15
2015-10-17,1,23
2015-10-22,1,27
2015-10-27,1,23
2015-11-01,1,34
2015-11-06,1,19
2015-11-11,1,14
2015-11-16,1,14
2015-11-21,1,32
2015-11-26,1,21
2015-12-01,1,12
2015-12-06,1,13
2015-12-11,1,21
2015-12-16,1,15
2015-12-21,1,7
2015-12-26,1,21
2015-12-31,1,18
2016-01-05,1,13
2016-01-10,1,13
2016-01-15,1,15
2016-01-20,1,19
2016-01-25,1,7
2016-01-30,1,14
2016-02-04,1,18
2016-02-09,1,22
2016-02-14,1,18
2016-02-19,1,17
2016-02-24,1,17
2016-02-29,1,14
2016-03-05,1,26
2016-03-10,1,23
2016-03-15,1,16
2016-03-20,1,21
2016-03-25,1,32
2016-03-30,1,16
2016-04-04,1,21
2016-04-09,1,32
2016-04-14,1,26
2016-04-19,1,15
2016-04-24,1,17
2016-04-29,1,30
2016-05-04,1,25
2016-05-09,1,16
2016-05-14,1,22
2016-05-19,1,31
2016-05-24,1,25
2016-05-29,1,22
2016-06-03,1,23
2016-06-08,1,23
2016-06-13,1,21
2016-06-18,1,26
2016-06-23,1,32
2016-06-28,1,32
2016-07-03,1,26
2016-07-08,1,24
2016-07-13,1,29
2016-07-18,1,26
2016-07-23,1,22
2016-07-28,1,26
2016-08-02,1,21
2016-08-07,1,20
2016-08-12,1,36
2016-08-17,1,23
2016-08-22,1,20
2016-08-27,1,23
2016-09-01,1,24
2016-09-06,1,30
2016-09-11,1,19
2016-09-16,1,27
2016-09-21,1,19
2016-09-26,1,13
2016-10-01,1,25
2016-10-06,1,27
2016-10-11,1,17
2016-10-16,1,26
2016-10-21,1,22
2016-10-26,1,22
2016-10-31,1,9
2016-11-05,1,34
2016-11-10,1,31
2016-11-15,1,23
2016-11-20,1,22
2016-11-25,1,28
2016-11-30,1,17
2016-12-05,1,9
2016-12-10,1,21
2016-12-15,1,14
2016-12-20,1,17
2016-12-25,1,22
2016-12-30,1,16
2013-01-04,2,36
2013-01-09,2,26
2013-01-14,2,30
2013-01-19,2,22
2013-01-24,2,35
2013-01-29,2,24
2013-02-03,2,35
2013-02-08,2,36
2013-02-13,2,31
2013-02-18,2,28
2013-02-23,2,45
2013-02-28,2,27
2013-03-05,2,44
2013-03-10,2,40
2013-03-15,2,44
2013-03-20,2,31
2013-03-25,2,30
2013-03-30,2,41
2013-04-04,2,38
2013-04-09,2,55
2013-04-14,2,75
2013-04-19,2,52
2013-04-24,2,33
2013-04-29,2,44
2013-05-04,2,62
2013-05-09,2,50
2013-05-14,2,39
2013-05-19,2,70
2013-05-24,2,57
2013-05-29,2,58
2013-06-03,2,36
2013-06-08,2,86
2013-06-13,2,50
2013-06-18,2,47
2013-06-23,2,80
2013-06-28,2,50
2013-07-03,2,52
2013-07-08,2,47
2013-07-13,2,64
2013-07-18,2,57
2013-07-23,2,37
2013-07-28,2,71
2013-08-02,2,62
2013-08-07,2,35
2013-08-12,2,44
2013-08-17,2,61
2013-08-22,2,36
2013-08-27,2,53
2013-09-01,2,68
2013-09-06,2,49
2013-09-11,2,46
2013-09-16,2,29
2013-09-21,2,53
2013-09-26,2,50
2013-10-01,2,30
2013-10-06,2,59
2013-10-11,2,52
2013-10-16,2,38
2013-10-21,2,39
2013-10-26,2,48
2013-10-31,2,44
2013-11-05,2,53
2013-11-10,2,70
2013-11-15,2,50
2013-11-20,2,39
2013-11-25,2,36
2013-11-30,2,52
2013-12-05,2,30
2013-12-10,2,18
2013-12-15,2,33
2013-12-20,2,20
2013-12-25,2,32
2013-12-30,2,31
2014-01-04,2,38
2014-01-09,2,37
2014-01-14,2,30
2014-01-19,2,40
2014-01-24,2,30
2014-01-29,2,33
2014-02-03,2,34
2014-02-08,2,41
2014-02-13,2,45
2014-02-18,2,42
2014-02-23,2,53
2014-02-28,2,44
2014-03-05,2,41
2014-03-10,2,38
2014-03-15,2,49
2014-03-20,2,40
2014-03-25,2,55
2014-03-30,2,57
2014-04-04,2,51
2014-04-09,2,52
2014-04-14,2,58
2014-04-19,2,60
2014-04-24,2,66
2014-04-29,2,51
2014-05-04,2,77
2014-05-09,2,60
2014-05-14,2,58
2014-05-19,2,47
2014-05-24,2,70
2014-05-29,2,58
2014-06-03,2,54
2014-06-08,2,87
2014-06-13,2,43
2014-06-18,2,62
2014-06-23,2,39
2014-06-28,2,76
2014-07-03,2,65
2014-07-08,2,64
2014-07-13,2,80
2014-07-18,2,70
2014-07-23,2,65
2014-07-28,2,44
2014-08-02,2,65
2014-08-07,2,74
2014-08-12,2,60
2014-08-17,2,66
2014-08-22,2,53
2014-08-27,2,45
2014-09-01,2,42
2014-09-06,2,59
2014-09-11,2,55
2014-09-16,2,57
2014-09-21,2,69
2014-09-26,2,50
2014-10-01,2,44
2014-10-06,2,33
2014-10-11,2,62
2014-10-16,2,65
2014-10-21,2,54
2014-10-26,2,69
2014-10-31,2,61
2014-11-05,2,60
2014-11-10,2,42
2014-11-15,2,46
2014-11-20,2,52
2014-11-25,2,48
2014-11-30,2,64
2014-12-05,2,38
2014-12-10,2,42
2014-12-15,2,23
2014-12-20,2,47
2014-12-25,2,39
2014-12-30,2,39
2015-01-04,2,47
2015-01-09,2,55
2015-01-14,2,36
2015-01-19,2,24
2015-01-24,2,35
2015-01-29,2,33
2015-02-03,2,40
2015-02-08,2,47
2015-02-13,2,49
2015-02-18,2,42
2015-02-23,2,30
2015-02-28,2,44
2015-03-05,2,42
2015-03-10,2,37
2015-03-15,2,57
2015-03-20,2,55
2015-03-25,2,50
2015-03-30,2,44
2015-04-04,2,77
2015-04-09,2,45
2015-04-14,2,46
2015-04-19,2,58
2015-04-24,2,43
2015-04-29,2,52
2015-05-04,2,40
2015-05-09,2,63
2015-05-14,2,69
2015-05-19,2,56
2015-05-24,2,72
2015-05-29,2,80
2015-06-03,2,64
2015-06-08,2,58
2015-06-13,2,84
2015-06-18,2,54
2015-06-23,2,62
2015-06-28,2,74
2015-07-03,2,77
2015-07-08,2,63
2015-07-13,2,57
2015-07-18,2,79
2015-07-23,2,58
2015-07-28,2,74
2015-08-02,2,65
2015-08-07,2,72
2015-08-12,2,65
2015-08-17,2,47
2015-08-22,2,67
2015-08-27,2,72
2015-09-01,2,54
2015-09-06,2,59
2015-09-11,2,57
2015-09-16,2,56
2015-09-21,2,46
2015-09-26,2,60
2015-10-01,2,45
2015-10-06,2,45
2015-10-11,2,56
2015-10-16,2,51
2015-10-21,2,53
2015-10-26,2,43
2015-10-31,2,64
2015-11-05,2,58
2015-11-10,2,69
2015-11-15,2,62
2015-11-20,2,62
2015-11-25,2,55
2015-11-30,2,46
2015-12-05,2,53
2015-12-10,2,33
2015-12-15,2,35
2015-12-20,2,48
2015-12-25,2,48
2015-12-30,2,41
2016-01-04,2,33
2016-01-09,2,42
2016-01-14,2,44
2016-01-19,2,48
2016-01-24,2,35
2016-01-29,2,31
2016-02-03,2,42
2016-02-08,2,37
2016-02-13,2,49
2016-02-18,2,49
2016-02-23,2,41
2016-02-28,2,55
2016-03-04,2,49
2016-03-09,2,41
2016-03-14,2,38
2016-03-19,2,57
2016-03-24,2,55
2016-03-29,2,45
2016-04-03,2,72
2016-04-08,2,52
2016-04-13,2,59
2016-04-18,2,63
2016-04-23,2,73
2016-04-28,2,65
2016-05-03,2,67
2016-05-08,2,81
2016-05-13,2,51
2016-05-18,2,66
2016-05-23,2,51
2016-05-28,2,87
2016-06-02,2,80
2016-06-07,2,73
2016-06-12,2,71
2016-06-17,2,75
2016-06-22,2,59
2016-06-27,2,61
2016-07-02,2,83
2016-07-07,2,67
2016-07-12,2,66
2016-07-17,2,93
2016-07-22,2,86
2016-07-27,2,66
2016-08-01,2,58
2016-08-06,2,79
2016-08-11,2,53
2016-08-16,2,68
2016-08-21,2,76
2016-08-26,2,56
2016-08-31,2,65
2016-09-05,2,59
2016-09-10,2,74
2016-09-15,2,67
2016-09-20,2,57
2016-09-25,2,72
2016-09-30,2,62
2016-10-05,2,38
2016-10-10,2,45
2016-10-15,2,64
2016-10-20,2,57
2016-10-25,2,58
2016-10-30,2,66
2016-11-04,2,63
2016-11-09,2,58
2016-11-14,2,50
2016-11-19,2,69
2016-11-24,2,61
2016-11-29,2,45
2016-12-04,2,67
2016-12-09,2,48
2016-12-14,2,38
2016-12-19,2,40
2016-12-24,2,35
2016-12-29,2,50
2013-01-03,3,21
2013-01-08,3,16
2013-01-13,3,20
2013-01-18,3,22
2013-01-23,3,21
2013-01-28,3,20
2013-02-02,3,29
2013-02-07,3,23
2013-02-12,3,21
2013-02-17,3,19
2013-02-22,3,18
2013-02-27,3,22
2013-03-04,3,30
2013-03-09,3,34
2013-03-14,3,28
2013-03-19,3,19
2013-03-24,3,28
2013-03-29,3,33
2013-04-03,3,19
2013-04-08,3,27
2013-04-13,3,33
2013-04-18,3,22
2013-04-23,3,35
2013-04-28,3,40
2013-05-03,3,42
2013-05-08,3,28
2013-05-13,3,32
2013-05-18,3,25
2013-05-23,3,40
2013-05-28,3,32
2013-06-02,3,41
2013-06-07,3,33
2013-06-12,3,37
2013-06-17,3,18
2013-06-22,3,34
2013-06-27,3,36
2013-07-02,3,43
2013-07-07,3,50
2013-07-12,3,43
2013-07-17,3,46
2013-07-22,3,42
2013-07-27,3,44
2013-08-01,3,31
2013-08-06,3,36
2013-08-11,3,48
2013-08-16,3,43
2013-08-21,3,28
2013-08-26,3,32
2013-08-31,3,27
2013-09-05,3,25
2013-09-10,3,36
2013-09-15,3,30
2013-09-20,3,39
2013-09-25,3,31
2013-09-30,3,26
2013-10-05,3,25
2013-10-10,3,29
2013-10-15,3,20
2013-10-20,3,29
2013-10-25,3,31
2013-10-30,3,24
2013-11-04,3,15
2013-11-09,3,34
2013-11-14,3,31
2013-11-19,3,18
2013-11-24,3,23
2013-11-29,3,46
2013-12-04,3,37
2013-12-09,3,17
2013-12-14,3,28
2013-12-19,3,21
2013-12-24,3,21
2013-12-29,3,23
2014-01-03,3,35
2014-01-08,3,27
2014-01-13,3,14
2014-01-18,3,26
2014-01-23,3,25
2014-01-28,3,30
2014-02-02,3,26
2014-02-07,3,26
2014-02-12,3,21
2014-02-17,3,23
2014-02-22,3,31
2014-02-27,3,25
2014-03-04,3,23
2014-03-09,3,32
2014-03-14,3,23
2014-03-19,3,30
2014-03-24,3,20
2014-03-29,3,29
2014-04-03,3,25
2014-04-08,3,27
2014-04-13,3,37
2014-04-18,3,33
2014-04-23,3,28
2014-04-28,3,33
2014-05-03,3,47
2014-05-08,3,45
2014-05-13,3,30
2014-05-18,3,33
2014-05-23,3,33
2014-05-28,3,28
2014-06-02,3,33
2014-06-07,3,37
2014-06-12,3,37
2014-06-17,3,28
2014-06-22,3,53
2014-06-27,3,49
2014-07-02,3,46
2014-07-07,3,40
2014-07-12,3,52
2014-07-17,3,60
2014-07-22,3,27
2014-07-27,3,42
2014-08-01,3,42
2014-08-06,3,34
2014-08-11,3,33
2014-08-16,3,45
2014-08-21,3,36
2014-08-26,3,38
2014-08-31,3,33
2014-09-05,3,37
2014-09-10,3,35
2014-09-15,3,32
2014-09-20,3,24
2014-09-25,3,26
2014-09-30,3,40
2014-10-05,3,50
2014-10-10,3,34
2014-10-15,3,22
2014-10-20,3,24
2014-10-25,3,38
2014-10-30,3,29
2014-11-04,3,27
2014-11-09,3,31
2014-11-14,3,30
2014-11-19,3,33
2014-11-24,3,24
2014-11-29,3,34
2014-12-04,3,25
2014-12-09,3,34
2014-12-14,3,31
2014-12-19,3,17
2014-12-24,3,19
2014-12-29,3,16
2015-01-03,3,18
2015-01-08,3,22
2015-01-13,3,23
2015-01-18,3,39
2015-01-23,3,27
2015-01-28,3,26
2015-02-02,3,16
2015-02-07,3,32
2015-02-12,3,26
2015-02-17,3,29
2015-02-22,3,41
2015-02-27,3,24
2015-03-04,3,33
2015-03-09,3,21
2015-03-14,3,24
2015-03-19,3,27
2015-03-24,3,31
2015-03-29,3,38
2015-04-03,3,37
2015-04-08,3,28
2015-04-13,3,27
2015-04-18,3,35
2015-04-23,3,35
2015-04-28,3,41
2015-05-03,3,53
2015-05-08,3,45
2015-05-13,3,52
2015-05-18,3,32
2015-05-23,3,52
2015-05-28,3,43
2015-06-02,3,33
2015-06-07,3,56
2015-06-12,3,50
2015-06-17,3,40
2015-06-22,3,26
2015-06-27,3,53
2015-07-02,3,39
2015-07-07,3,48
2015-07-12,3,57
2015-07-17,3,44
2015-07-22,3,48
2015-07-27,3,38
2015-08-01,3,34
2015-08-06,3,36
2015-08-11,3,38
2015-08-16,3,41
2015-08-21,3,32
2015-08-26,3,40
2015-08-31,3,27
2015-09-05,3,49
2015-09-10,3,39
2015-09-15,3,37
2015-09-20,3,65
2015-09-25,3,44
2015-09-30,3,31
2015-10-05,3,26
2015-10-10,3,33
2015-10-15,3,35
2015-10-20,3,43
2015-10-25,3,45
2015-10-30,3,36
2015-11-04,3,31
2015-11-09,3,28
2015-11-14,3,47
2015-11-19,3,43
2015-11-24,3,30
2015-11-29,3,40
2015-12-04,3,25
2015-12-09,3,23
2015-12-14,3,14
2015-12-19,3,25
2015-12-24,3,27
2015-12-29,3,19
2016-01-03,3,35
2016-01-08,3,26
2016-01-13,3,23
2016-01-18,3,21
2016-01-23,3,23
2016-01-28,3,18
2016-02-02,3,21
2016-02-07,3,32
2016-02-12,3,36
2016-02-17,3,29
2016-02-22,3,28
2016-02-27,3,37
2016-03-03,3,29
2016-03-08,3,32
2016-03-13,3,39
2016-03-18,3,31
2016-03-23,3,44
2016-03-28,3,32
2016-04-02,3,57
2016-04-07,3,52
2016-04-12,3,48
2016-04-17,3,48
2016-04-22,3,27
2016-04-27,3,32
2016-05-02,3,36
2016-05-07,3,48
2016-05-12,3,53
2016-05-17,3,38
2016-05-22,3,45
2016-05-27,3,44
2016-06-01,3,35
2016-06-06,3,28
2016-06-11,3,48
2016-06-16,3,41
2016-06-21,3,41
2016-06-26,3,47
2016-07-01,3,52
2016-07-06,3,36
2016-07-11,3,32
2016-07-16,3,68
2016-07-21,3,48
2016-07-26,3,45
2016-07-31,3,55
2016-08-05,3,37
2016-08-10,3,44
2016-08-15,3,38
2016-08-20,3,40
2016-08-25,3,39
2016-08-30,3,35
2016-09-04,3,45
2016-09-09,3,36
2016-09-14,3,52
2016-09-19,3,37
2016-09-24,3,42
2016-09-29,3,45
2016-10-04,3,37
2016-10-09,3,37
2016-10-14,3,39
2016-10-19,3,40
2016-10-24,3,23
2016-10-29,3,39
2016-11-03,3,43
2016-11-08,3,31
2016-11-13,3,45
2016-11-18,3,44
2016-11-23,3,38
2016-11-28,3,33
2016-12-03,3,36
2016-12-08,3,23
2016-12-13,3,25
2016-12-18,3,27
2016-12-23,3,28
2016-12-28,3,25
2013-01-01,4,4
2013-01-06,4,17
2013-01-11,4,7
2013-01-16,4,6
2013-01-21,4,16
2013-01-26,4,8
2013-01-31,4,9
2013-02-05,4,11
2013-02-10,4,5
2013-02-15,4,8
2013-02-20,4,3
2013-02-25,4,12
2013-03-02,4,9
2013-03-07,4,12
2013-03-12,4,10
2013-03-17,4,15
2013-03-22,4,16
2013-03-27,4,13
2013-04-01,4,16
2013-04-06,4,15
2013-04-11,4,14
2013-04-16,4,9
2013-04-21,4,20
2013-04-26,4,11
2013-05-01,4,8
2013-05-06,4,16
2013-05-11,4,20
2013-05-16,4,23
2013-05-21,4,11
2013-05-26,4,14
2013-05-31,4,21
2013-06-05,4,14
2013-06-10,4,12
2013-06-15,4,13
2013-06-20,4,13
2013-06-25,4,18
2013-06-30,4,20
2013-07-05,4,22
2013-07-10,4,12
2013-07-15,4,17
2013-07-20,4,10
2013-07-25,4,24
2013-07-30,4,15
2013-08-04,4,16
2013-08-09,4,15
2013-08-14,4,17
2013-08-19,4,11
2013-08-24,4,14
2013-08-29,4,12
2013-09-03,4,8
2013-09-08,4,23
2013-09-13,4,17
2013-09-18,4,18
2013-09-23,4,15
2013-09-28,4,18
2013-10-03,4,14
2013-10-08,4,7
2013-10-13,4,9
2013-10-18,4,17
2013-10-23,4,8
2013-10-28,4,11
2013-11-02,4,12
2013-11-07,4,8
2013-11-12,4,6
2013-11-17,4,14
2013-11-22,4,14
2013-11-27,4,11
2013-12-02,4,6
2013-12-07,4,12
2013-12-12,4,11
2013-12-17,4,8
2013-12-22,4,16
2013-12-27,4,10
2014-01-01,4,14
2014-01-06,4,8
2014-01-11,4,16
2014-01-16,4,14
2014-01-21,4,7
2014-01-26,4,11
2014-01-31,4,14
2014-02-05,4,12
2014-02-10,4,7
2014-02-15,4,14
2014-02-20,4,10
2014-02-25,4,10
2014-03-02,4,25
2014-03-07,4,14
2014-03-12,4,16
2014-03-17,4,14
2014-03-22,4,19
2014-03-27,4,15
2014-04-01,4,12
2014-04-06,4,17
2014-04-11,4,17
2014-04-16,4,17
2014-04-21,4,8
2014-04-26,4,13
2014-05-01,4,9
2014-05-06,4,12
2014-05-11,4,20
2014-05-16,4,16
2014-05-21,4,13
2014-05-26,4,11
2014-05-31,4,19
2014-06-05,4,21
2014-06-10,4,19
2014-06-15,4,29
2014-06-20,4,21
2014-06-25,4,7
2014-06-30,4,11
2014-07-05,4,22
2014-07-10,4,20
2014-07-15,4,26
2014-07-20,4,21
2014-07-25,4,21
2014-07-30,4,20
2014-08-04,4,9
2014-08-09,4,14
2014-08-14,4,14
2014-08-19,4,15
2014-08-24,4,15
2014-08-29,4,20
2014-09-03,4,11
2014-09-08,4,16
2014-09-13,4,20
2014-09-18,4,16
2014-09-23,4,18
2014-09-28,4,27
2014-10-03,4,17
2014-10-08,4,12
2014-10-13,4,16
2014-10-18,4,14
2014-10-23,4,14
2014-10-28,4,15
2014-11-02,4,19
2014-11-07,4,18
2014-11-12,4,15
2014-11-17,4,9
2014-11-22,4,20
2014-11-27,4,13
2014-12-02,4,12
2014-12-07,4,17
2014-12-12,4,10
2014-12-17,4,7
2014-12-22,4,9
2014-12-27,4,12
2015-01-01,4,14
2015-01-06,4,14
2015-01-11,4,20
2015-01-16,4,16
2015-01-21,4,6
2015-01-26,4,9
2015-01-31,4,9
2015-02-05,4,11
2015-02-10,4,13
2015-02-15,4,14
2015-02-20,4,13
2015-02-25,4,12
2015-03-02,4,10
2015-03-07,4,21
2015-03-12,4,11
2015-03-17,4,12
2015-03-22,4,16
2015-03-27,4,16
2015-04-01,4,20
2015-04-06,4,17
2015-04-11,4,23
2015-04-16,4,15
2015-04-21,4,11
2015-04-26,4,19
2015-05-01,4,22
2015-05-06,4,14
2015-05-11,4,18
2015-05-16,4,21
2015-05-21,4,19
2015-05-26,4,18
2015-05-31,4,22
2015-06-05,4,24
2015-06-10,4,14
2015-06-15,4,13
2015-06-20,4,24
2015-06-25,4,15
2015-06-30,4,19
2015-07-05,4,35
2015-07-10,4,23
2015-07-15,4,18
2015-07-20,4,16
2015-07-25,4,12
2015-07-30,4,22
2015-08-04,4,16
2015-08-09,4,20
2015-08-14,4,16
2015-08-19,4,18
2015-08-24,4,11
2015-08-29,4,12
2015-09-03,4,15
2015-09-08,4,13
2015-09-13,4,15
2015-09-18,4,15
2015-09-23,4,13
2015-09-28,4,17
2015-10-03,4,20
2015-10-08,4,20
2015-10-13,4,12
2015-10-18,4,16
2015-10-23,4,11
2015-10-28,4,11
2015-11-02,4,15
2015-11-07,4,24
2015-11-12,4,12
2015-11-17,4,10
2015-11-22,4,29
2015-11-27,4,24
2015-12-02,4,11
2015-12-07,4,8
2015-12-12,4,12
2015-12-17,4,18
2015-12-22,4,16
2015-12-27,4,12
2016-01-01,4,8
2016-01-06,4,10
2016-01-11,4,11
2016-01-16,4,15
2016-01-21,4,9
2016-01-26,4,7
2016-01-31,4,9
2016-02-05,4,10
2016-02-10,4,12
2016-02-15,4,10
2016-02-20,4,10
2016-02-25,4,14
2016-03-01,4,15
2016-03-06,4,29
2016-03-11,4,8
2016-03-16,4,17
2016-03-21,4,16
2016-03-26,4,18
2016-03-31,4,18
2016-04-05,4,7
2016-04-10,4,17
2016-04-15,4,11
2016-04-20,4,22
2016-04-25,4,20
2016-04-30,4,25
2016-05-05,4,24
2016-05-10,4,16
2016-05-15,4,19
2016-05-20,4,19
2016-05-25,4,14
2016-05-30,4,9
2016-06-04,4,24
2016-06-09,4,22
2016-06-14,4,22
2016-06-19,4,16
2016-06-24,4,14
2016-06-29,4,14
2016-07-04,4,18
2016-07-09,4,24
2016-07-14,4,18
2016-07-19,4,18
2016-07-24,4,25
2016-07-29,4,16
2016-08-03,4,14
2016-08-08,4,18
2016-08-13,4,24
2016-08-18,4,22
2016-08-23,4,21
2016-08-28,4,26
2016-09-02,4,23
2016-09-07,4,17
2016-09-12,4,11
2016-09-17,4,15
2016-09-22,4,21
2016-09-27,4,13
2016-10-02,4,24
2016-10-07,4,16
2016-10-12,4,10
2016-10-17,4,7
2016-10-22,4,21
2016-10-27,4,18
2016-11-01,4,22
2016-11-06,4,9
2016-11-11,4,20
2016-11-16,4,15
2016-11-21,4,17
2016-11-26,4,21
2016-12-01,4,16
2016-12-06,4,14
2016-12-11,4,11
2016-12-16,4,12
2016-12-21,4,13
2016-12-26,4,8
2016-12-31,4,10
2013-01-02,5,13
2013-01-07,5,10
2013-01-12,5,10
2013-01-17,5,11
2013-01-22,5,11
2013-01-27,5,16
2013-02-01,5,20
2013-02-06,5,14
2013-02-11,5,6
2013-02-16,5,11
2013-02-21,5,14
2013-02-26,5,8
2013-03-03,5,14
2013-03-08,5,12
2013-03-13,5,25
2013-03-18,5,10
2013-03-23,5,15
2013-03-28,5,20
2013-04-02,5,17
2013-04-07,5,22
2013-04-12,5,10
2013-04-17,5,12
2013-04-22,5,10
2013-04-27,5,25
2013-05-02,5,11
2013-05-07,5,24
2013-05-12,5,24
2013-05-17,5,20
2013-05-22,5,13
2013-05-27,5,22
2013-06-01,5,21
2013-06-06,5,21
2013-06-11,5,18
2013-06-16,5,19
2013-06-21,5,18
2013-06-26,5,21
2013-07-01,5,19
2013-07-06,5,28
2013-07-11,5,14
2013-07-16,5,18
2013-07-21,5,20
2013-07-26,5,28
2013-07-31,5,20
2013-08-05,5,19
2013-08-10,5,24
2013-08-15,5,17
2013-08-20,5,18
2013-08-25,5,30
2013-08-30,5,24
2013-09-04,5,14
2013-09-09,5,16
2013-09-14,5,26
2013-09-19,5,20
2013-09-24,5,18
2013-09-29,5,21
2013-10-04,5,12
2013-10-09,5,14
2013-10-14,5,13
2013-10-19,5,21
2013-10-24,5,15
2013-10-29,5,11
2013-11-03,5,25
2013-11-08,5,17
2013-11-13,5,15
2013-11-18,5,14
2013-11-23,5,20
2013-11-28,5,10
2013-12-03,5,8
2013-12-08,5,20
2013-12-13,5,12
2013-12-18,5,4
2013-12-23,5,13
2013-12-28,5,11
2014-01-02,5,14
2014-01-07,5,10
2014-01-12,5,11
2014-01-17,5,14
2014-01-22,5,12
2014-01-27,5,8
2014-02-01,5,9
2014-02-06,5,16
2014-02-11,5,12
2014-02-16,5,14
2014-02-21,5,12
2014-02-26,5,9
2014-03-03,5,11
2014-03-08,5,19
2014-03-13,5,22
2014-03-18,5,20
2014-03-23,5,16
2014-03-28,5,19
2014-04-02,5,16
2014-04-07,5,14
2014-04-12,5,20
2014-04-17,5,18
2014-04-22,5,14
2014-04-27,5,28
2014-05-02,5,23
2014-05-07,5,20
2014-05-12,5,13
2014-05-17,5,19
2014-05-22,5,32
2014-05-27,5,20
2014-06-01,5,35
2014-06-06,5,33
2014-06-11,5,27
2014-06-16,5,24
2014-06-21,5,27
2014-06-26,5,25
2014-07-01,5,24
2014-07-06,5,29
2014-07-11,5,21
2014-07-16,5,17
2014-07-21,5,16
2014-07-26,5,25
2014-07-31,5,26
2014-08-05,5,21
2014-08-10,5,26
2014-08-15,5,21
2014-08-20,5,18
2014-08-25,5,20
2014-08-30,5,29
2014-09-04,5,18
2014-09-09,5,23
2014-09-14,5,19
2014-09-19,5,25
2014-09-24,5,11
2014-09-29,5,15
2014-10-04,5,20
2014-10-09,5,29
2014-10-14,5,11
2014-10-19,5,23
2014-10-24,5,16
2014-10-29,5,11
2014-11-03,5,27
2014-11-08,5,23
2014-11-13,5,20
2014-11-18,5,26
2014-11-23,5,37
2014-11-28,5,12
2014-12-03,5,8
2014-12-08,5,12
2014-12-13,5,20
2014-12-18,5,11
2014-12-23,5,21
2014-12-28,5,27
2015-01-02,5,13
2015-01-07,5,7
2015-01-12,5,7
2015-01-17,5,17
2015-01-22,5,14
2015-01-27,5,13
2015-02-01,5,15
2015-02-06,5,20
2015-02-11,5,11
2015-02-16,5,13
2015-02-21,5,16
2015-02-26,5,23
2015-03-03,5,23
2015-03-08,5,26
2015-03-13,5,22
2015-03-18,5,17
2015-03-23,5,23
2015-03-28,5,15
2015-04-02,5,20
2015-04-07,5,17
2015-04-12,5,26
2015-04-17,5,24
2015-04-22,5,17
2015-04-27,5,15
2015-05-02,5,27
2015-05-07,5,30
2015-05-12,5,25
2015-05-17,5,22
2015-05-22,5,20
2015-05-27,5,20
2015-06-01,5,21
2015-06-06,5,28
2015-06-11,5,28
2015-06-16,5,18
2015-06-21,5,22
2015-06-26,5,27
2015-07-01,5,16
2015-07-06,5,28
2015-07-11,5,31
2015-07-16,5,25
2015-07-21,5,15
2015-07-26,5,35
2015-07-31,5,25
2015-08-05,5,17
2015-08-10,5,16
2015-08-15,5,31
2015-08-20,5,22
2015-08-25,5,22
2015-08-30,5,30
2015-09-04,5,23
2015-09-09,5,19
2015-09-14,5,14
2015-09-19,5,22
2015-09-24,5,17
2015-09-29,5,27
2015-10-04,5,25
2015-10-09,5,27
2015-10-14,5,14
2015-10-19,5,12
2015-10-24,5,21
2015-10-29,5,28
2015-11-03,5,23
2015-11-08,5,26
2015-11-13,5,18
2015-11-18,5,17
2015-11-23,5,16
2015-11-28,5,23
2015-12-03,5,11
2015-12-08,5,14
2015-12-13,5,18
2015-12-18,5,16
2015-12-23,5,18
2015-12-28,5,11
2016-01-02,5,18
2016-01-07,5,18
2016-01-12,5,13
2016-01-17,5,9
2016-01-22,5,18
2016-01-27,5,16
2016-02-01,5,16
2016-02-06,5,21
2016-02-11,5,15
2016-02-16,5,15
2016-02-21,5,12
2016-02-26,5,15
2016-03-02,5,21
2016-03-07,5,15
2016-03-12,5,26
2016-03-17,5,17
2016-03-22,5,24
2016-03-27,5,26
2016-04-01,5,26
2016-04-06,5,18
2016-04-11,5,16
2016-04-16,5,25
2016-04-21,5,24
2016-04-26,5,22
2016-05-01,5,28
2016-05-06,5,23
2016-05-11,5,27
2016-05-16,5,18
2016-05-21,5,31
2016-05-26,5,26
2016-05-31,5,20
2016-06-05,5,28
2016-06-10,5,15
2016-06-15,5,26
2016-06-20,5,13
2016-06-25,5,33
2016-06-30,5,24
2016-07-05,5,22
2016-07-10,5,40
2016-07-15,5,30
2016-07-20,5,27
2016-07-25,5,26
2016-07-30,5,32
2016-08-04,5,22
2016-08-09,5,24
2016-08-14,5,22
2016-08-19,5,23
2016-08-24,5,29
2016-08-29,5,22
2016-09-03,5,38
2016-09-08,5,22
2016-09-13,5,21
2016-09-18,5,30
2016-09-23,5,28
2016-09-28,5,19
2016-10-03,5,21
2016-10-08,5,23
2016-10-13,5,27
2016-10-18,5,12
2016-10-23,5,17
2016-10-28,5,22
2016-11-02,5,26
2016-11-07,5,15
2016-11-12,5,27
2016-11-17,5,19
2016-11-22,5,22
2016-11-27,5,26
2016-12-02,5,10
2016-12-07,5,9
2016-12-12,5,15
2016-12-17,5,19
2016-12-22,5,23
2016-12-27,5,18
