"date","unit"
1968-01-01,29.7
1968-01-02,26.9
1968-01-03,27.8
1968-01-04,23.6
1968-01-05,24.8
1968-01-06,24.8
1968-01-07,24.8
1968-01-08,26.4
1968-01-09,30.8
1968-01-10,29
1968-01-11,25.2
1968-01-12,22.3
1968-01-13,25.7
1968-01-14,30.5
1968-01-15,34
1968-01-16,29.7
1968-01-17,29.6
1968-01-18,33.8
1968-01-19,26.7
1968-01-20,24.5
1968-01-21,27.2
1968-01-22,21.1
1968-01-23,23.4
1968-01-24,25
1968-01-25,25.5
1968-01-26,27.7
1968-01-27,28.4
1968-01-28,26.2
1968-01-29,24.5
1968-01-30,24.1
1968-01-31,24.4
1968-02-01,24.3
1968-02-02,27.8
1968-02-03,30.9
1968-02-04,28.9
1968-02-05,25.6
1968-02-06,25.8
1968-02-07,23.6
1968-02-08,26.1
1968-02-09,34
1968-02-10,24
1968-02-11,22.7
1968-02-12,22.9
1968-02-13,27.3
1968-02-14,31
1968-02-15,31.1
1968-02-16,30.2
1968-02-17,27.4
1968-02-18,25.6
1968-02-19,25.1
1968-02-20,24.7
1968-02-21,25.6
1968-02-22,25.5
1968-02-23,23.4
1968-02-24,23.4
1968-02-25,27.5
1968-02-26,25.9
1968-02-27,26.5
1968-02-28,30.2
1968-03-01,26.8
1968-03-02,27.6
1968-03-03,26
1968-03-04,25
1968-03-05,22.3
1968-03-06,23.3
1968-03-07,20.4
1968-03-08,25.3
1968-03-09,25.1
1968-03-10,20.8
1968-03-11,21.2
1968-03-12,23.7
1968-03-13,20.8
1968-03-14,20.3
1968-03-15,19.6
1968-03-16,20.7
1968-03-17,23.2
1968-03-18,20.2
1968-03-19,25.9
1968-03-20,25.7
1968-03-21,17.1
1968-03-22,17
1968-03-23,17.8
1968-03-24,22.4
1968-03-25,19.9
1968-03-26,22.4
1968-03-27,20
1968-03-28,24
1968-03-29,24.7
1968-03-30,23.5
1968-03-31,24.8
1968-04-01,25.7
1968-04-02,25.8
1968-04-03,26.5
1968-04-04,26.1
1968-04-05,27.1
1968-04-06,25.6
1968-04-07,19
1968-04-08,23.9
1968-04-09,24.9
1968-04-10,22
1968-04-11,16.6
1968-04-12,20.5
1968-04-13,22.5
1968-04-14,22
1968-04-15,22.3
1968-04-16,21.1
1968-04-17,21.4
1968-04-18,22.2
1968-04-19,22.8
1968-04-20,19.6
1968-04-21,18
1968-04-22,19
1968-04-23,18.8
1968-04-24,20.5
1968-04-25,17.9
1968-04-26,16.4
1968-04-27,18.9
1968-04-28,18.3
1968-04-29,18.9
1968-04-30,16.4
1968-05-01,17.6
1968-05-02,20.9
1968-05-03,23
1968-05-04,17.6
1968-05-05,19
1968-05-06,22.5
1968-05-07,21
1968-05-08,19.5
1968-05-09,19.7
1968-05-10,17.1
1968-05-11,19.1
1968-05-12,19.6
1968-05-13,14.3
1968-05-14,15.6
1968-05-15,17.5
1968-05-16,20.2
1968-05-17,18.8
1968-05-18,14.9
1968-05-19,12.2
1968-05-20,11.1
1968-05-21,12.4
1968-05-22,14.4
1968-05-23,18.6
1968-05-24,20.5
1968-05-25,21.3
1968-05-26,21.6
1968-05-27,20
1968-05-28,20.2
1968-05-29,20.4
1968-05-30,20.8
1968-05-31,21.8
1968-06-01,20.6
1968-06-02,19.6
1968-06-03,18.8
1968-06-04,20.2
1968-06-05,14.7
1968-06-06,16.1
1968-06-07,11.5
1968-06-08,12.5
1968-06-09,13.6
1968-06-10,20
1968-06-11,14.7
1968-06-12,16.7
1968-06-13,19.4
1968-06-14,20.4
1968-06-15,18.2
1968-06-16,15.1
1968-06-17,11.7
1968-06-18,13.3
1968-06-19,15.3
1968-06-20,12.8
1968-06-21,13.4
1968-06-22,16.1
1968-06-23,13.8
1968-06-24,14.8
1968-06-25,15.2
1968-06-26,16.3
1968-06-27,18.2
1968-06-28,19.2
1968-06-29,18.5
1968-06-30,18.5
1968-07-01,19.7
1968-07-02,19
1968-07-03,15.5
1968-07-04,16
1968-07-05,16.4
1968-07-06,17.1
1968-07-07,15.6
1968-07-08,17.3
1968-07-09,17.9
1968-07-10,13.6
1968-07-11,15.8
1968-07-12,14.7
1968-07-13,15.1
1968-07-14,16
1968-07-15,16.2
1968-07-16,15.3
1968-07-17,17.8
1968-07-18,14
1968-07-19,16.4
1968-07-20,19.1
1968-07-21,21
1968-07-22,18
1968-07-23,17.9
1968-07-24,18.8
1968-07-25,18
1968-07-26,18.2
1968-07-27,16.7
1968-07-28,17
1968-07-29,15.1
1968-07-30,12.5
1968-07-31,12.2
1968-08-01,14.7
1968-08-02,16.7
1968-08-03,18
1968-08-04,19
1968-08-05,15.2
1968-08-06,15.9
1968-08-07,15.5
1968-08-08,15.8
1968-08-09,16
1968-08-10,14.2
1968-08-11,12
1968-08-12,14.6
1968-08-13,16.9
1968-08-14,18
1968-08-15,17.6
1968-08-16,19.3
1968-08-17,19.5
1968-08-18,16.6
1968-08-19,18.7
1968-08-20,21.5
1968-08-21,16.4
1968-08-22,16.9
1968-08-23,12.9
1968-08-24,15.6
1968-08-25,13.6
1968-08-26,16
1968-08-27,15
1968-08-28,14.5
1968-08-29,17.1
1968-08-30,14.5
1968-08-31,15.2
1968-09-01,17
1968-09-02,19.3
1968-09-03,18.8
1968-09-04,18.6
1968-09-05,17.5
1968-09-06,16.5
1968-09-07,20.2
1968-09-08,23.6
1968-09-09,20.7
1968-09-10,16.8
1968-09-11,21.3
1968-09-12,19.1
1968-09-13,20.5
1968-09-14,16.3
1968-09-15,19.9
1968-09-16,23.1
1968-09-17,19.7
1968-09-18,25.9
1968-09-19,19.5
1968-09-20,15.5
1968-09-21,20
1968-09-22,15.3
1968-09-23,19.5
1968-09-24,16.2
1968-09-25,16.6
1968-09-26,19.7
1968-09-27,16.8
1968-09-28,18.6
1968-09-29,20.4
1968-09-30,21.4
1968-10-01,17.9
1968-10-02,22.2
1968-10-03,17.6
1968-10-04,15.2
1968-10-05,20.4
1968-10-06,22.2
1968-10-07,23.3
1968-10-08,16.3
1968-10-09,21.9
1968-10-10,16.8
1968-10-11,15.2
1968-10-12,14.6
1968-10-13,19
1968-10-14,22.3
1968-10-15,17.3
1968-10-16,19.2
1968-10-17,17.6
1968-10-18,16.3
1968-10-19,19.4
1968-10-20,20.2
1968-10-21,22.2
1968-10-22,20.4
1968-10-23,18.1
1968-10-24,15.6
1968-10-25,17.4
1968-10-26,18.7
1968-10-27,22.2
1968-10-28,21.5
1968-10-29,20
1968-10-30,20
1968-10-31,20.7
1968-11-01,18.2
1968-11-02,20.5
1968-11-03,22.6
1968-11-04,22.7
1968-11-05,19.4
1968-11-06,20.5
1968-11-07,16.6
1968-11-08,18.6
1968-11-09,23.2
1968-11-10,24.7
1968-11-11,19.5
1968-11-12,19.5
1968-11-13,18.7
1968-11-14,18.5
1968-11-15,20.3
1968-11-16,17.9
1968-11-17,18.4
1968-11-18,20.9
1968-11-19,20.7
1968-11-20,22.4
1968-11-21,21.6
1968-11-22,19.1
1968-11-23,24.8
1968-11-24,22.6
1968-11-25,20.9
1968-11-26,18.9
1968-11-27,21.6
1968-11-28,26.8
1968-11-29,24
1968-11-30,22.6
1968-12-01,22.4
1968-12-02,19.5
1968-12-03,23.2
1968-12-04,20.5
1968-12-05,22
1968-12-06,24
1968-12-07,23.7
1968-12-08,21.6
1968-12-09,21.5
1968-12-10,22.5
1968-12-11,23.8
1968-12-12,26.2
1968-12-13,18.7
1968-12-14,21.1
1968-12-15,21.8
1968-12-16,20.2
1968-12-17,25.4
1968-12-18,24.6
1968-12-19,22.3
1968-12-20,20
1968-12-21,20.1
1968-12-22,24
1968-12-23,21.8
1968-12-24,24
1968-12-25,23.2
1968-12-26,23
1968-12-27,24.5
1968-12-28,22.3
1968-12-29,24.6
1968-12-30,24.2
1968-12-31,26.4
1969-01-01,26
1969-01-02,24
1969-01-03,22.5
1969-01-04,24.2
1969-01-05,22
1969-01-06,21.5
1969-01-07,23.1
1969-01-08,23.8
1969-01-09,25.2
1969-01-10,24.8
1969-01-11,28.1
1969-01-12,31.2
1969-01-13,24.9
1969-01-14,22
1969-01-15,23.1
1969-01-16,24.8
1969-01-17,33
1969-01-18,27
1969-01-19,28.7
1969-01-20,34.2
1969-01-21,29.5
1969-01-22,28.3
1969-01-23,24.8
1969-01-24,26
1969-01-25,27.4
1969-01-26,22.3
1969-01-27,23.6
1969-01-28,21.5
1969-01-29,26
1969-01-30,26.1
1969-01-31,23
1969-02-01,23.6
1969-02-02,22.3
1969-02-03,23.8
1969-02-04,24.1
1969-02-05,22.1
1969-02-06,22.6
1969-02-07,28.5
1969-02-08,31.7
1969-02-09,26.2
1969-02-10,22.5
1969-02-11,24.4
1969-02-12,26
1969-02-13,28.2
1969-02-14,31.8
1969-02-15,35.3
1969-02-16,27.2
1969-02-17,26
1969-02-18,23.8
1969-02-19,21.8
1969-02-20,24.5
1969-02-21,24.6
1969-02-22,22.1
1969-02-23,24.2
1969-02-24,23.1
1969-02-25,21.5
1969-02-26,23.6
1969-02-27,19.4
1969-02-28,22.9
1969-03-01,20.9
1969-03-02,22.5
1969-03-03,18.8
1969-03-04,23
1969-03-05,30.5
1969-03-06,28.5
1969-03-07,25.7
1969-03-08,28.1
1969-03-09,20
1969-03-10,18
1969-03-11,19
1969-03-12,23.6
1969-03-13,21.5
1969-03-14,26.2
1969-03-15,28.2
1969-03-16,31.2
1969-03-17,24.7
1969-03-18,23.2
1969-03-19,18.8
1969-03-20,23
1969-03-21,26.5
1969-03-22,29.7
1969-03-23,24.6
1969-03-24,22.2
1969-03-25,23.5
1969-03-26,25.8
1969-03-27,26.2
1969-03-28,22.4
1969-03-29,23.2
1969-03-30,23.3
1969-03-31,19.2
1969-04-01,19.4
1969-04-02,21.3
1969-04-03,20.9
1969-04-04,20.2
1969-04-05,17.5
1969-04-06,21
1969-04-07,21.4
1969-04-08,21.9
1969-04-09,19.1
1969-04-10,24
1969-04-11,22.6
1969-04-12,21.4
1969-04-13,22.6
1969-04-14,25.1
1969-04-15,28.5
1969-04-16,23.2
1969-04-17,18.3
1969-04-18,19.1
1969-04-19,16.4
1969-04-20,17.6
1969-04-21,16.8
1969-04-22,18.1
1969-04-23,22
1969-04-24,25.5
1969-04-25,21.9
1969-04-26,15.9
1969-04-27,15.9
1969-04-28,17.7
1969-04-29,19
1969-04-30,19.8
1969-05-01,16.5
1969-05-02,15.3
1969-05-03,20.9
1969-05-04,22.8
1969-05-05,20.8
1969-05-06,20
1969-05-07,19.1
1969-05-08,17.5
1969-05-09,14.5
1969-05-10,16.6
1969-05-11,17.7
1969-05-12,19.8
1969-05-13,20.2
1969-05-14,18.1
1969-05-15,12.7
1969-05-16,13.6
1969-05-17,15.6
1969-05-18,22.2
1969-08-17,18.2
1969-08-18,13.3
1969-08-19,15.6
1969-08-20,18.4
1969-08-21,22.2
1969-08-22,15.6
1969-08-23,14.1
1969-08-24,21.1
1969-08-25,20.2
1969-08-26,17.5
1969-08-27,13.6
1969-08-28,16
1969-08-29,23.2
1969-08-30,21.7
1969-08-31,16.6
1969-09-01,13
1969-09-02,19
1969-09-03,19.5
1969-09-04,14
1969-09-05,13.5
1969-09-06,17.2
1969-09-07,13.3
1969-09-08,18.8
1969-09-09,14.8
1969-09-10,14
1969-09-11,17.5
1969-09-12,18
1969-09-13,12.6
1969-09-14,15.7
1969-09-15,15.7
1969-09-16,19.1
1969-09-17,24
1969-09-18,17.9
1969-09-19,14.7
1969-09-20,13.2
1969-09-21,13
1969-09-22,14.3
1969-09-23,15.3
1969-09-24,17.5
1969-09-25,20.5
1969-09-26,16.7
1969-09-27,18.2
1969-09-28,16.8
1969-09-29,15.3
1969-09-30,15.3
1969-10-01,17.6
1969-10-02,15.1
1969-10-03,22.2
1969-10-04,18.9
1969-10-05,13.7
1969-10-06,14.8
1969-10-07,23.9
1969-10-08,19.7
1969-10-09,17.6
1969-10-10,18.4
1969-10-11,14.7
1969-10-12,19.9
1969-10-13,22.1
1969-10-14,19.4
1969-10-15,17.2
1969-10-16,18.8
1969-10-17,16.5
1969-10-18,14.8
1969-10-19,18.8
1969-10-20,16.9
1969-10-21,17.7
1969-10-22,19
1969-10-23,19.6
1969-10-24,17
1969-10-25,19.2
1969-10-26,24.1
1969-10-27,22.9
1969-10-28,18.2
1969-10-29,18
1969-10-30,22.2
1969-10-31,16
1969-11-01,19.6
1969-11-02,15.9
1969-11-03,18.5
1969-11-04,21.5
1969-11-05,22.6
1969-11-06,26.7
1969-11-07,25
1969-11-08,20.3
1969-11-09,19.5
1969-11-10,23.4
1969-11-11,19.3
1969-11-12,18
1969-11-13,20.1
1969-11-14,23.5
1969-11-15,27
1969-11-16,21.8
1969-11-17,19.7
1969-11-18,18.1
1969-11-19,17.7
1969-11-20,21.4
1969-11-21,21.6
1969-11-22,19.3
1969-11-23,22.7
1969-11-24,25
1969-11-25,24.8
1969-11-26,21.1
1969-11-27,21.5
1969-11-28,21.2
1969-11-29,22.7
1969-11-30,25.1
1969-12-01,24.5
1969-12-02,19.3
1969-12-03,19.5
1969-12-04,20
1969-12-05,20.9
1969-12-06,22
1969-12-07,21.2
1969-12-08,19.6
1969-12-09,22
1969-12-10,22
1969-12-11,21.2
1969-12-12,21.6
1969-12-13,27.7
1969-12-14,24.2
1969-12-15,24.3
1969-12-16,22.9
1969-12-17,24.8
1969-12-18,22
1969-12-19,22
1969-12-20,22.7
1969-12-21,21
1969-12-22,19.8
1969-12-23,24.6
1969-12-24,24.3
1969-12-25,22.9
1969-12-26,22
1969-12-27,24.3
1969-12-28,25.3
1969-12-29,24.8
1969-12-30,26.7
1969-12-31,25.3
1970-01-01,27.4
1970-01-02,24
1970-01-03,19.9
1970-01-04,20.4
1970-01-05,23.8
1970-01-06,21.1
1970-01-07,21.8
1970-01-08,25.2
1970-01-09,24.5
1970-01-10,22
1970-01-11,19.5
1970-01-12,18.1
1970-01-13,19.5
1970-01-14,20.8
1970-01-15,21.7
1970-01-16,21.7
1970-01-17,20.5
1970-01-18,22.8
1970-01-19,22.3
1970-01-20,20.6
1970-01-21,24.4
1970-01-22,21.4
1970-01-23,25.9
1970-01-24,23.7
1970-01-25,19.6
1970-01-26,24.6
1970-01-27,19.7
1970-01-28,21.6
1970-01-29,22.8
1970-01-30,23.3
1970-01-31,23
1970-02-01,27.1
1970-02-02,26.3
1970-02-03,22
1970-02-04,25
1970-02-05,23.9
1970-02-06,25.2
1970-02-07,29.3
1970-02-08,31.5
1970-02-09,26.2
1970-02-10,24.9
1970-02-11,25.8
1970-02-12,22.8
1970-02-13,21.8
1970-02-14,23
1970-02-15,26.5
1970-02-16,30.5
1970-02-17,25.8
1970-02-18,22.6
1970-02-19,23.5
1970-02-20,23.2
1970-02-21,24.7
1970-02-22,28.7
1970-02-23,26.4
1970-02-24,23.4
1970-02-25,25.9
1970-02-26,28.1
1970-02-27,29.4
1970-02-28,29.1
1970-03-01,28.9
1970-03-02,31
1970-03-03,29.5
1970-03-04,31.1
1970-03-05,29.6
1970-03-06,24
1970-03-07,29.6
1970-03-08,30.5
1970-03-09,25.2
1970-03-10,23.1
1970-03-11,23.5
1970-03-12,30.1
1970-03-13,24.9
1970-03-14,24.2
1970-03-15,22.1
1970-03-16,22.2
1970-03-17,21.5
1970-03-18,24.2
1970-03-19,26.6
1970-03-20,24.5
1970-03-21,25.7
1970-03-22,25.3
1970-03-23,24.1
1970-03-24,21.7
1970-03-25,19
1970-03-26,20.4
1970-03-27,21.6
1970-03-28,19.7
1970-03-29,19
1970-03-30,22.9
1970-03-31,22.4
1970-04-01,21.5
1970-04-02,21.8
1970-04-03,16.8
1970-04-04,20.1
1970-04-05,19.7
1970-04-06,16.1
1970-04-07,15.7
1970-04-08,14.7
1970-04-09,18.1
1970-04-10,24.2
1970-04-11,24.5
1970-04-12,20.1
1970-04-13,20.7
1970-04-14,20.5
1970-04-15,18.8
1970-04-16,15.2
1970-04-17,15.7
1970-04-18,16.5
1970-04-19,17.8
1970-04-20,17
1970-04-21,19.4
1970-04-22,23.5
1970-04-23,25.5
1970-04-24,23.1
1970-04-25,19.5
1970-04-26,21.6
1970-04-27,22
1970-04-28,17.7
1970-04-29,19.1
1970-04-30,21
1970-05-01,21.5
1970-05-02,22.5
1970-05-03,22.7
1970-05-04,22.5
1970-05-05,19.7
1970-05-06,22
1970-05-07,20.6
1970-05-08,22
1970-05-09,20.2
1970-05-10,22.5
1970-05-11,21.9
1970-05-12,15.8
1970-05-13,19
1970-05-14,23.5
1970-05-15,20.7
1970-05-16,15.7
1970-05-17,13.6
1970-05-18,13.9
1970-05-19,16.4
1970-05-20,17.3
1970-05-21,16.5
1970-05-22,15.2
1970-05-23,16.8
1970-05-24,22.2
1970-05-25,20.9
1970-05-26,15.5
1970-05-27,17.3
1970-05-28,21.1
1970-05-29,18.3
1970-05-30,16.5
1970-05-31,18.3
1970-06-01,20
1970-06-02,19.8
1970-06-03,14.3
1970-06-04,16.6
1970-06-05,14.6
1970-06-06,16.2
1970-06-07,18.6
1970-06-08,16
1970-06-09,17.3
1970-06-10,16.8
1970-06-11,13.7
1970-06-12,15.8
1970-06-13,16.2
1970-06-14,17.3
1970-06-15,18.5
1970-06-16,13.7
1970-06-17,12
1970-06-18,10.5
1970-06-19,11.5
1970-06-20,15.2
1970-06-21,20.6
1970-06-22,15.6
1970-06-23,15.6
1970-06-24,17
1970-06-25,16.9
1970-06-26,12.3
1970-06-27,12.9
1970-06-28,15
1970-06-29,13
1970-06-30,14.5
1970-07-01,17.5
1970-07-02,18.8
1970-07-03,18.5
1970-07-04,16.2
1970-07-05,17.1
1970-07-06,17
1970-07-07,17.5
1970-07-08,17.8
1970-07-09,17.3
1970-07-10,11.4
1970-07-11,13.9
1970-07-12,14.9
1970-07-13,15.7
1970-07-14,17.4
1970-07-15,15.5
1970-07-16,16.9
1970-07-17,13.1
1970-07-18,14.4
1970-07-19,16.5
1970-07-20,12.9
1970-07-21,11.5
1970-07-22,14.3
1970-07-23,15.6
1970-07-24,9
1970-07-25,9.7
1970-07-26,16.6
1970-07-27,21.3
1970-07-28,18.2
1970-07-29,18.6
1970-07-30,18.5
1970-07-31,19
1970-08-01,16.7
1970-08-02,17
1970-08-03,17.3
1970-08-04,17.3
1970-08-05,13.5
1970-08-06,15.5
1970-08-07,18.4
1970-08-08,18.4
1970-08-09,19.5
1970-08-10,19.7
1970-08-11,18.9
1970-08-12,16.6
1970-08-13,14.8
1970-08-14,17.5
1970-08-15,22.8
1970-08-16,23.3
1970-08-17,17.3
1970-08-18,14.3
1970-08-19,12
1970-08-20,14.2
1970-08-21,19.3
1970-08-22,20.1
1970-08-23,19.5
1970-08-24,18
1970-08-25,22
1970-08-26,15.4
1970-08-27,17.4
1970-08-28,15.7
1970-08-29,17.3
1970-08-30,20.2
1970-08-31,19
1970-09-01,19.1
1970-09-02,19.6
1970-09-03,19.9
1970-09-04,14.7
1970-09-05,18.5
1970-09-06,19.4
1970-09-07,20.1
1970-09-08,21.2
1970-09-09,19.6
1970-09-10,17.8
1970-09-11,18.2
1970-09-12,14.5
1970-09-13,16.1
1970-09-14,15.5
1970-09-15,13.3
1970-09-16,14
1970-09-17,20.2
1970-09-18,16.5
1970-09-19,21
1970-09-20,22.6
1970-09-21,17.3
1970-09-22,17.5
1970-09-23,21.9
1970-09-24,16.7
1970-09-25,16.6
1970-09-26,12.5
1970-09-27,19.4
1970-09-28,24.4
1970-09-29,19.6
1970-09-30,18.6
1970-10-01,18.3
1970-10-02,22.9
1970-10-03,16.7
1970-10-04,18.5
1970-10-05,16.6
1970-10-06,15.9
1970-10-07,15.8
1970-10-08,14.8
1970-10-09,15
1970-10-10,17.3
1970-10-11,18.1
1970-10-12,21.5
1970-10-13,22.2
1970-10-14,25.2
1970-10-15,21.5
1970-10-16,20.8
1970-10-17,19.6
1970-10-18,19
1970-10-19,21.2
1970-10-20,17.9
1970-10-21,19.3
1970-10-22,16.5
1970-10-23,20.6
1970-10-24,21.6
1970-10-25,21.9
1970-10-26,20.7
1970-10-27,23
1970-10-28,21.3
1970-10-29,18
1970-10-30,18.2
1970-10-31,18.8
1970-11-01,20.8
1970-11-02,19.6
1970-11-03,21.6
1970-11-04,20
1970-11-05,17.2
1970-11-06,16.5
1970-11-07,22.6
1970-11-08,23.8
1970-11-09,19.9
1970-11-10,16.7
1970-11-11,19.2
1970-11-12,19.8
1970-11-13,19.8
1970-11-14,21.5
1970-11-15,22.2
1970-11-16,17.7
1970-11-17,14.7
1970-11-18,18.8
1970-11-19,16.3
1970-11-20,19.8
1970-11-21,19
1970-11-22,25.2
1970-11-23,24
1970-11-24,23.5
1970-11-25,24.9
1970-11-26,23.9
1970-11-27,23.2
1970-11-28,24.8
1970-11-29,26.2
1970-11-30,26.6
1970-12-01,21.1
1970-12-02,20.4
1970-12-03,22
1970-12-04,22.2
1970-12-05,21
1970-12-06,24.3
1970-12-07,21.7
1970-12-08,21.1
1970-12-09,22.8
1970-12-10,19.9
1970-12-11,21
1970-12-12,25.5
1970-12-13,24
1970-12-14,20.2
1970-12-15,22.9
1970-12-16,24
1970-12-17,23.8
1970-12-18,24
1970-12-19,22.3
1970-12-20,29.4
1970-12-21,27
1970-12-22,21.2
1970-12-23,25.7
1970-12-24,22.8
1970-12-25,26.5
1970-12-26,24
1970-12-27,22.9
1970-12-28,20.1
1970-12-29,25.1
1970-12-30,29.4
1970-12-31,27
1971-01-01,28.5
1971-01-02,26.1
1971-01-03,26.1
1971-01-04,21
1971-01-05,20
1971-01-06,25.3
1971-04-06,21.4
1971-04-07,21.5
1971-04-08,18
1971-04-09,18.7
1971-04-10,19.1
1971-04-11,20.2
1971-04-12,21
1971-04-13,20.1
1971-04-14,19.8
1971-04-15,21.8
1971-04-16,18.8
1971-04-17,22.7
1971-04-18,20
1971-04-19,22.2
1971-04-20,22
1971-04-21,19.2
1971-04-22,22.2
1971-04-23,18.3
1971-04-24,20.1
1971-04-25,19.3
1971-04-26,17.7
1971-04-27,20.7
1971-04-28,21.5
1971-04-29,15.5
1971-04-30,18.6
1971-05-01,22.8
1971-05-02,23.7
1971-05-03,18.1
1971-05-04,13.8
1971-05-05,12.3
1971-05-06,12.5
1971-05-07,14.7
1971-05-08,14.5
1971-05-09,16
1971-05-10,18.5
1971-05-11,18.9
1971-05-12,13.9
1971-05-13,15.3
1971-05-14,13.8
1971-05-15,15.2
1971-05-16,16.1
1971-05-17,16.5
1971-05-18,18.4
1971-05-19,17.7
1971-05-20,18.5
1971-05-21,21.1
1971-05-22,18.5
1971-05-23,18.3
1971-05-24,17.5
1971-05-25,17
1971-05-26,18.8
1971-05-27,15.2
1971-05-28,16.3
1971-05-29,19.9
1971-05-30,19
1971-05-31,17.7
1971-06-01,18
1971-06-02,19.8
1971-06-03,21.4
1971-06-04,16.2
1971-06-05,16.2
1971-06-06,20.1
1971-06-07,18.3
1971-06-08,19.1
1971-06-09,12.9
1971-06-10,14
1971-06-11,17.2
1971-06-12,11.8
1971-06-13,13.3
1971-06-14,17.1
1971-06-15,20.1
1971-06-16,13.7
1971-06-17,14.3
1971-06-18,19
1971-06-19,14.6
1971-06-20,11.2
1971-06-21,16.1
1971-06-22,17.3
1971-06-23,17.6
1971-06-24,19.1
1971-06-25,17.3
1971-06-26,16.2
1971-06-27,16.7
1971-06-28,16.8
1971-06-29,18.1
1971-06-30,18.4
1971-07-01,16.8
1971-07-02,11.6
1971-07-03,11.4
1971-07-04,12.9
1971-07-05,10.3
1971-07-06,11.1
1971-07-07,16.4
1971-07-08,16.2
1971-07-09,17.8
1971-07-10,17.9
1971-07-11,17.8
1971-07-12,17
1971-07-13,9.7
1971-07-14,NA
1971-07-15,9.9
1971-07-16,16.8
1971-07-17,16.2
1971-07-18,17
1971-07-19,13.6
1971-07-20,14.2
1971-07-21,14.8
1971-07-22,15.8
1971-07-23,17.1
1971-07-24,16.5
1971-07-25,14.4
1971-07-26,13.6
1971-07-27,15.4
1971-07-28,18.7
1971-07-29,16
1971-07-30,19
1971-07-31,19.6
1971-08-01,20.5
1971-08-02,19.2
1971-08-03,20.1
1971-08-04,20
1971-08-05,17.9
1971-08-06,18.9
1971-08-07,20.7
1971-08-08,20.6
1971-08-09,18
1971-08-10,15.3
1971-08-11,17.7
1971-08-12,17.5
1971-08-13,17.5
1971-08-14,17
1971-08-15,15
1971-08-16,17
1971-08-17,17.5
1971-08-18,16.7
1971-08-19,17.4
1971-08-20,18
1971-08-21,17.3
1971-08-22,15.8
1971-08-23,18.3
1971-08-24,15.7
1971-08-25,18
1971-08-26,16.3
1971-08-27,15.3
1971-08-28,16.9
1971-08-29,14.2
1971-08-30,18
1971-08-31,20.3
1971-09-01,18.2
1971-09-02,20.3
1971-09-03,16
1971-09-04,17
1971-09-05,13.6
1971-09-06,17.5
1971-09-07,18.5
1971-09-08,18.4
1971-09-09,19.5
1971-09-10,18.7
1971-09-11,13.9
1971-09-12,17
1971-09-13,14.8
1971-09-14,14.5
1971-09-15,19.9
1971-09-16,20.7
1971-09-17,18.2
1971-09-18,17.9
1971-09-19,20.3
1971-09-20,17.6
1971-09-21,15.2
1971-09-22,15.6
1971-09-23,18.1
1971-09-24,15.1
1971-09-25,16.5
1971-09-26,19.7
1971-09-27,15.3
1971-09-28,14.5
1971-09-29,15.7
1971-09-30,13.2
1971-10-01,20.3
1971-10-02,25.3
1971-10-03,19.5
1971-10-04,19.3
1971-10-05,16.9
1971-10-06,16.7
1971-10-07,25
1971-10-08,23.6
1971-10-09,21.5
1971-10-10,17.1
1971-10-11,21.2
1971-10-12,26.2
1971-10-13,18.4
1971-10-14,17.7
1971-10-15,14.9
1971-10-16,13.8
1971-10-17,16.4
1971-10-18,18.4
1971-10-19,18.7
1971-10-20,18.9
1971-10-21,15.5
1971-10-22,18.8
1971-10-23,27.2
1971-10-24,20.3
1971-10-25,18.1
1971-10-26,18.6
1971-10-27,22.5
1971-10-28,19.7
1971-10-29,19
1971-10-30,17.5
1971-10-31,21.6
1971-11-01,25.6
1971-11-02,20.6
1971-11-03,21.2
1971-11-04,20.2
1971-11-05,18.2
1971-11-06,18.9
1971-11-07,20.9
1971-11-08,24.6
1971-11-09,28
1971-11-10,21.8
1971-11-11,21.2
1971-11-12,21
1971-11-13,20.1
1971-11-14,20.8
1971-11-15,16.6
1971-11-16,22
1971-11-17,21.7
1971-11-18,25
1971-11-19,23.8
1971-11-20,23.2
1971-11-21,19
1971-11-22,17.8
1971-11-23,20.6
1971-11-24,17.6
1971-11-25,23.6
1971-11-26,33.3
1971-11-27,20.6
1971-11-28,19.8
1971-11-29,21
1971-11-30,20
1971-12-01,21.6
1971-12-02,19.8
1971-12-03,18.1
1971-12-04,20
1971-12-05,22
1971-12-06,21.8
1971-12-07,18.9
1971-12-08,20.6
1971-12-09,19.5
1971-12-10,24.9
1971-12-11,21.2
1971-12-12,22
1971-12-13,21.5
1971-12-14,21.5
1971-12-15,20.4
1971-12-16,21.1
1971-12-17,25.8
1971-12-18,21.1
1971-12-19,20.3
1971-12-20,19.4
1971-12-21,23.2
1971-12-22,20.4
1971-12-23,22.7
1971-12-24,25.5
1971-12-25,21.8
1971-12-26,21.2
1971-12-27,21
1971-12-28,21.6
1971-12-29,25
1971-12-30,25.4
1972-01-01,22.3
1972-01-02,24.2
1972-01-03,22.1
1972-01-04,21.7
1972-01-05,23.6
1972-01-06,20
1972-01-07,22.2
1972-01-08,21.2
1972-01-09,23.4
1972-01-10,22.7
1972-01-11,23.5
1972-01-12,23.1
1972-01-13,23.4
1972-01-14,28.7
1972-01-15,25.5
1972-01-16,24.9
1972-01-17,20.8
1972-01-18,21
1972-01-19,20.4
1972-01-20,23.4
1972-01-21,21.4
1972-01-22,24.1
1972-01-23,24.6
1972-01-24,24.2
1972-01-25,21.8
1972-01-26,22.3
1972-01-27,26.5
1972-01-28,24.4
1972-01-29,22.5
1972-01-30,25.7
1972-01-31,24.2
1972-02-01,23.9
1972-02-02,19.2
1972-02-03,22.6
1972-02-04,28
1972-02-05,24.7
1972-02-06,27
1972-02-07,23.8
1972-02-08,22.9
1972-02-09,22
1972-02-10,24.3
1972-02-11,23.3
1972-02-12,24.6
1972-02-13,25
1972-02-14,23.9
1972-02-15,20.1
1972-02-16,23.8
1972-02-17,22
1972-02-18,21.2
1972-02-19,19.9
1972-02-20,23.6
1972-02-21,25.6
1972-02-22,27.1
1972-02-23,22.4
1972-02-24,19.3
1972-02-25,22.6
1972-02-26,22.8
1972-02-27,19.3
1972-02-28,20
1972-03-01,23.3
1972-03-02,24.5
1972-03-03,23.7
1972-03-04,21.7
1972-03-05,19.7
1972-03-06,21.6
1972-03-07,18.8
1972-03-08,22.2
1972-03-09,24.2
1972-03-10,25.6
1972-03-11,30
1972-03-12,31.4
1972-03-13,26
1972-03-14,30.7
1972-03-15,30.4
1972-03-16,27.6
1972-03-17,25.2
1972-03-18,25.8
1972-03-19,26
1972-03-20,27.4
1972-03-21,26.2
1972-03-22,27.4
1972-03-23,27.8
1972-03-24,25.5
1972-03-25,22.3
1972-03-26,21.2
1972-03-27,20.3
1972-03-28,22.8
1972-03-29,25.6
1972-03-30,23
1972-03-31,23.3
1972-04-01,25.4
1972-04-02,20.9
1972-04-03,24.7
1972-04-04,26.6
1972-04-05,26.5
1972-04-06,24.9
1972-04-07,25.2
1972-04-08,25
1972-04-09,24.9
1972-04-10,25.2
1972-04-11,25.2
1972-04-12,28.5
1972-04-13,27.2
1972-04-14,30.8
1972-04-15,24.1
1972-04-16,20
1972-04-17,17.1
1972-04-18,18.5
1972-04-19,18.3
1972-04-20,19.6
1972-04-21,15.3
1972-04-22,17.6
1972-04-23,15.8
1972-04-24,17.7
1972-04-25,17.4
1972-04-26,18.3
1972-04-27,19
1972-04-28,19.5
1972-04-29,21
1972-04-30,19.1
1972-05-01,18.4
1972-05-02,19.1
1972-05-03,17
1972-05-04,19.6
1972-05-05,22.6
1972-05-06,24.4
1972-05-07,18
1972-05-08,19.4
1972-05-09,20
1972-05-10,21.1
1972-05-11,22.4
1972-05-12,20.3
1972-05-13,15.7
1972-05-14,18.8
1972-05-15,19.8
1972-05-16,16.8
1972-05-17,13.5
1972-05-18,16.6
1972-05-19,15.9
1972-05-20,16.5
1972-05-21,17.5
1972-05-22,14.5
1972-05-23,18.5
1972-05-24,16.3
1972-05-25,14.4
1972-05-26,14.5
1972-05-27,17.1
1972-05-28,20.2
1972-05-29,22.4
1972-05-30,20.6
1972-05-31,19.1
1972-06-01,13.3
1972-06-02,14.5
1972-06-03,13.4
1972-06-04,14.9
1972-06-05,14.7
1972-06-06,17.2
1972-06-07,17.2
1972-06-08,13.2
1972-06-09,15.5
1972-06-10,19
1972-06-11,17.8
1972-06-12,15.6
1972-06-13,16.8
1972-06-14,19.1
1972-06-15,16.1
1972-06-16,16.7
1972-06-17,17.5
1972-06-18,16.3
1972-06-19,15.9
1972-06-20,17.4
1972-06-21,16.1
1972-06-22,15.3
1972-06-23,9.6
1972-06-24,10.6
1972-06-25,16
1972-06-26,17.3
1972-06-27,17
1972-06-28,19.2
1972-06-29,19.6
1972-06-30,19.4
1972-07-01,20.6
1972-07-02,20
1972-07-03,19.7
1972-07-04,16.3
1972-07-05,13.2
1972-07-06,13.7
1972-07-07,14.6
1972-07-08,16.7
1972-07-09,16.5
1972-07-10,13.9
1972-07-11,14.9
1972-07-12,16.8
1972-07-13,14.8
1972-07-14,16
1972-07-15,17.4
1972-07-16,15.2
1972-07-17,16.5
1972-07-18,13.8
1972-07-19,12.3
1972-07-20,12.2
1972-07-21,16
1972-07-22,17.4
1972-07-23,9.3
1972-07-24,9.3
1972-07-25,11.1
1972-07-26,17.5
1972-07-27,10.4
1972-07-28,13.1
1972-07-29,19.3
1972-07-30,15.6
1972-07-31,15.1
1972-08-01,16
1972-08-02,14.1
1972-08-03,15.3
1972-08-04,15.9
1972-08-05,20.4
1972-08-06,19.4
1972-08-07,19.3
1972-08-08,18.2
1972-08-09,16.2
1972-08-10,16.5
1972-08-11,13
1972-08-12,14.6
1972-08-13,15.7
1972-08-14,17.4
1972-08-15,20
1972-08-16,17.4
1972-08-17,17.8
1972-08-18,17.6
1972-08-19,17.3
1972-08-20,13
1972-08-21,12.6
1972-08-22,14.7
1972-08-23,19.6
1972-08-24,15.9
1972-08-25,19
1972-08-26,18.8
1972-08-27,16.2
1972-08-28,19.5
1972-08-29,12.6
1972-08-30,14.3
1972-08-31,17.4
1972-09-01,19.3
1972-09-02,16.9
1972-09-03,17.5
1972-09-04,16.9
1972-09-05,17
1972-09-06,18.8
1972-09-07,15.7
1972-09-08,13.8
1972-09-09,18.9
1972-09-10,21.8
1972-09-11,19.9
1972-09-12,20.7
1972-09-13,20.7
1972-09-14,20
1972-09-15,17.2
1972-09-16,16.5
1972-09-17,14.4
1972-09-18,16.2
1972-09-19,18.7
1972-09-20,17.4
1972-09-21,18
1972-09-22,17.7
1972-09-23,15.6
1972-09-24,20.6
1972-09-25,22.1
1972-09-26,15.7
1972-09-27,15.5
1972-09-28,16.7
1972-09-29,17.7
1972-09-30,16.2
1972-10-01,19.5
1972-10-02,17.6
1972-10-03,16.2
1972-10-04,20.4
1972-10-05,25.2
1972-10-06,15.1
1972-10-07,18.6
1972-10-08,20.1
1972-10-09,22.6
1972-10-10,19.7
1972-10-11,23.7
1972-10-12,20.6
1972-10-13,16.3
1972-10-14,17
1972-10-15,18.6
1972-10-16,25
1972-10-17,24.1
1972-10-18,21.8
1972-10-19,15.2
1972-10-20,16.1
1972-10-21,17.4
1972-10-22,19
1972-10-23,21.7
1972-10-24,19
1972-10-25,19.2
1972-10-26,15.5
1972-10-27,18.2
1972-10-28,20.9
1972-10-29,23.7
1972-10-30,20.4
1972-10-31,15.8
1972-11-01,16.4
1972-11-02,20.2
1972-11-03,18.2
1972-11-04,21.6
1972-11-05,25
1972-11-06,26.1
1972-11-07,24.3
1972-11-08,22.3
1972-11-09,24.4
1972-11-10,22.2
1972-11-11,23.4
1972-11-12,23
1972-11-13,24.5
1972-11-14,30
1972-11-15,19
1972-11-16,18.6
1972-11-17,21
1972-11-18,21.2
1972-11-19,20.3
1972-11-20,22.2
1972-11-21,19.5
1972-11-22,19.1
1972-11-23,17.8
1972-11-24,22.7
1972-11-25,25.2
1972-11-26,25
1972-11-27,23
1972-11-28,22.7
1972-11-29,21.5
1972-11-30,21.8
1972-12-01,21.3
1972-12-02,24.2
1972-12-03,24
1972-12-04,25.4
1972-12-05,25.1
1972-12-06,23.6
1972-12-07,27.2
1972-12-08,25.4
1972-12-09,25.6
1972-12-10,23.7
1972-12-11,24.8
1972-12-12,23.1
1972-12-13,22.5
1972-12-14,22.6
1972-12-15,22.7
1972-12-16,22.6
1972-12-17,21.1
1972-12-18,21.7
1972-12-19,22.3
1972-12-20,23.2
1972-12-21,24
1972-12-22,22.7
1972-12-23,21
1972-12-24,22.1
1972-12-25,22.2
1972-12-26,22.3
1972-12-27,20.5
1972-12-28,19.8
1972-12-29,21
1972-12-30,25.3
1972-12-31,23.4
1973-01-01,21.9
1973-01-02,22.8
1973-01-03,19.6
1973-01-04,21.6
1973-01-05,22.7
1973-01-06,21.6
1973-01-07,22.1
1973-01-08,24.4
1973-01-09,20.9
1973-01-10,22.8
1973-01-11,23.4
1973-01-12,24.2
1973-01-13,21.5
1973-01-14,21.2
1973-01-15,25.1
1973-01-16,23.6
1973-01-17,20.6
1973-01-18,22.1
1973-01-19,21.8
1973-01-20,24.2
1973-01-21,22.8
1973-01-22,24
1973-01-23,22.5
1973-01-24,20.8
1973-01-25,24.3
1973-01-26,22.5
1973-01-27,24.3
1973-01-28,22.8
1973-01-29,24.8
1973-01-30,26.4
1973-01-31,24.3
1973-02-01,23.6
1973-02-02,23.8
1973-02-03,19.7
1973-02-04,20.6
1973-02-05,22.6
1973-02-06,23.4
1973-02-07,20.8
1973-02-08,24.8
1973-02-09,25
1973-02-10,20.8
1973-02-11,23.5
1973-02-12,19.7
1973-02-13,23.2
1973-02-14,28.5
1973-02-15,30.4
1973-02-16,26.9
1973-02-17,26.4
1973-02-18,21.7
1973-02-19,22.8
1973-02-20,23
1973-02-21,24
1973-02-22,23.5
1973-02-23,22.1
1973-02-24,20.4
1973-02-25,21.5
1973-02-26,21
1973-02-27,22.4
1973-02-28,23.4
1973-03-01,26.7
1973-03-02,22.9
1973-03-03,22.3
1973-03-04,23.6
1973-03-05,25.4
1973-03-06,25.8
1973-03-07,29
1973-03-08,21.5
1973-03-09,21.7
1973-03-10,20.7
1973-03-11,21.7
1973-03-12,17.6
1973-03-13,20.9
1973-03-14,25
1973-03-15,24.2
1973-03-16,22.4
1973-03-17,20.6
1973-03-18,20.1
1973-03-19,24.6
1973-03-20,26
1973-03-21,27.5
1973-03-22,26.4
1973-03-23,25.5
1973-03-24,25.2
1973-03-25,25.1
1973-03-26,22.2
1973-03-27,27
1973-03-28,21.8
1973-03-29,20.7
1973-03-30,25.7
1973-03-31,24.6
1973-04-01,19.2
1973-04-02,19.3
1973-04-03,24
1973-04-04,27
1973-04-05,22.8
1973-04-06,19.5
1973-04-07,20.8
1973-04-08,16.2
1973-04-09,20.6
1973-04-10,16.4
1973-04-11,23.2
1973-04-12,21.2
1973-04-13,18
1973-04-14,21.3
1973-04-15,28.7
1973-04-16,21.8
1973-04-17,21.4
1973-04-18,21
1973-04-19,21
1973-04-20,20.1
1973-04-21,21.7
1973-04-22,23.2
1973-04-23,20.6
1973-04-24,21
1973-04-25,20.5
1973-04-26,17.3
1973-04-27,19.5
1973-04-28,18
1973-04-29,15.9
1973-04-30,18.4
1973-05-01,20.1
1973-05-02,18.1
1973-05-03,16.7
1973-05-04,19
1973-05-05,19.4
1973-05-06,17
1973-05-07,18.8
1973-05-08,21.4
1973-05-09,21.9
1973-05-10,21.3
1973-05-11,15.9
1973-05-12,19.5
1973-05-13,20
1973-05-14,18.7
1973-05-15,20.1
1973-05-16,20.5
1973-05-17,22.4
1973-05-18,19.9
1973-05-19,21
1973-05-20,21.1
1973-05-21,19.4
1973-05-22,19
1973-05-23,18.6
1973-05-24,20.3
1973-05-25,17.5
1973-05-26,15.3
1973-05-27,17.2
1973-05-28,19.7
1973-05-29,19.3
1973-05-30,18.5
1973-05-31,19.9
1973-06-01,19.9
1973-06-02,13.3
1973-06-03,14.2
1973-06-04,20
1973-06-05,20.6
1973-06-06,19.6
1973-06-07,18.4
1973-06-08,19
1973-06-09,18.6
1973-06-10,18.5
1973-06-11,18.7
1973-06-12,18.6
1973-06-13,16
1973-06-14,16
1973-06-15,15.8
1973-06-16,15.9
1973-06-17,17
1973-06-18,16.6
1973-06-19,17.6
1973-06-20,14.7
1973-06-21,14.5
1973-06-22,14.7
1973-06-23,14.7
1973-06-24,15.6
1973-06-25,15
1973-06-26,15.9
1973-06-27,16.7
1973-06-28,17
1973-06-29,12.9
1973-06-30,9.8
1973-07-01,11.8
1973-07-02,17
1973-07-03,18.8
1973-07-04,20.4
1973-07-05,17.6
1973-07-06,14.2
1973-07-07,15.6
1973-07-08,14.7
1973-07-09,13.6
1973-07-10,14.8
1973-07-11,16
1973-07-12,13.8
1973-07-13,13.4
1973-07-14,13.4
1973-07-15,16.9
1973-07-16,19.6
1973-07-17,14
1973-07-18,16.6
1973-07-19,18.2
1973-07-20,18.7
1973-07-21,17.8
1973-07-22,15.8
1973-07-23,18.4
1973-07-24,20
1973-07-25,11.5
1973-07-26,11.1
1973-07-27,14.4
1973-07-28,15.2
1973-07-29,16.8
1973-07-30,16.4
1973-07-31,18.3
1973-08-01,18.3
1973-08-02,18.5
1973-08-03,17.5
1973-08-04,19
1973-08-05,16.7
1973-08-06,18.3
1973-08-07,18.1
1973-08-08,12.5
1973-08-09,12.6
1973-08-10,11.5
1973-08-11,10.7
1973-08-12,11.7
1973-08-13,11.9
1973-08-14,14.3
1973-08-15,16.7
1973-08-16,18.1
1973-08-17,18.4
1973-08-18,16.3
1973-08-19,17.4
1973-08-20,18.2
1973-08-21,15.6
1973-08-22,18.7
1973-08-23,21.4
1973-08-24,19.2
1973-08-25,14.9
1973-08-26,16.1
1973-08-27,16.5
1973-08-28,18.7
1973-08-29,21.2
1973-08-30,14.6
1973-08-31,14.4
1973-09-01,17.3
1973-09-02,19.6
1973-09-03,18.1
1973-09-04,20.3
1973-09-05,19.9
1973-09-06,17.9
1973-09-07,15.3
1973-09-08,18
1973-09-09,15.1
1973-09-10,18.1
1973-09-11,18.6
1973-09-12,15
1973-09-13,19
1973-09-14,20
1973-09-15,15.2
1973-09-16,17.3
1973-09-17,20.3
1973-09-18,20.3
1973-09-19,15.7
1973-09-20,15.6
1973-09-21,20.4
1973-09-22,15.9
1973-09-23,19.6
1973-09-24,17.6
1973-09-25,20.3
1973-09-26,21.5
1973-09-27,18.9
1973-09-28,15.9
1973-09-29,14.5
1973-09-30,16.8
1973-10-01,20
1973-10-02,25.2
1973-10-03,18.9
1973-10-04,17.7
1973-10-05,19.5
1973-10-06,21.2
1973-10-07,19.6
1973-10-08,17.3
1973-10-09,14.5
1973-10-10,18
1973-10-11,15.4
1973-10-12,16.2
1973-10-13,21.9
1973-10-14,21
1973-10-15,16.3
1973-10-16,18.7
1973-10-17,17.4
1973-10-18,23.7
1973-10-19,18.5
1973-10-20,16.9
1973-10-21,15.8
1973-10-22,21.6
1973-10-23,14.2
1973-10-24,16.5
1973-10-25,17.7
1973-10-26,16.6
1973-10-27,18
1973-10-28,16.2
1973-10-29,19.7
1973-10-30,22.1
1973-10-31,22.9
1973-11-01,19.8
1973-11-02,19.4
1973-11-03,18.1
1973-11-04,25
1973-11-05,30
1973-11-06,25.2
1973-11-07,17.6
1973-11-08,18.2
1973-11-09,21.5
1973-11-10,18.7
1973-11-11,21.5
1973-11-12,19.3
1973-11-13,21
1973-11-14,20
1973-11-15,23.8
1973-11-16,24
1973-11-17,24.3
1973-11-18,19.3
1973-11-19,19.7
1973-11-20,19.5
1973-11-21,17.9
1973-11-22,17.1
1973-11-23,20.5
1973-11-24,21.8
1973-11-25,18.1
1973-11-26,23.6
1973-11-27,20.6
1973-11-28,20.2
1973-11-29,21.6
1973-11-30,16.5
1973-12-01,20
1973-12-02,23.5
1973-12-03,27.5
1973-12-04,24.4
1973-12-05,22.1
1973-12-06,25.3
1973-12-07,29.2
1974-03-08,18.9
1974-03-09,19.2
1974-03-10,20.3
1974-03-11,18.5
1974-03-12,20.8
1974-03-13,20.5
1974-03-14,19.5
1974-03-15,19.8
1974-03-16,22
1974-03-17,27.5
1974-03-18,27.7
1974-03-19,24
1974-03-20,22
1974-03-21,20.3
1974-03-22,22
1974-03-23,22.3
1974-03-24,20
1974-03-25,19.3
1974-03-26,22
1974-03-27,21.3
1974-03-28,24.6
1974-03-29,19.2
1974-03-30,19.8
1974-03-31,21
1974-04-01,22.3
1974-04-02,20.7
1974-04-03,21.5
1974-04-04,22.7
1974-04-05,23.9
1974-04-06,29.2
1974-04-07,25.3
1974-04-08,22.9
1974-04-09,19.1
1974-04-10,16.3
1974-04-11,23
1974-04-12,26.7
1974-04-13,25.3
1974-04-14,19.6
1974-04-15,18.7
1974-04-16,16.8
1974-04-17,19.4
1974-04-18,19.4
1974-04-19,23.1
1974-04-20,16.1
1974-04-21,17.1
1974-04-22,16.8
1974-04-23,19.6
1974-04-24,18.1
1974-04-25,18
1974-04-26,20.9
1974-04-27,26.1
1974-04-28,25.8
1974-04-29,22.5
1974-04-30,20.6
1974-05-01,16
1974-05-02,18.7
1974-05-03,18.9
1974-05-04,20.2
1974-05-05,20.3
1974-05-06,20.8
1974-05-07,18.9
1974-05-08,16.1
1974-05-09,18.6
1974-05-10,18.8
1974-05-11,19.6
1974-05-12,21.8
1974-05-13,25.5
1974-05-14,20.7
1974-05-15,21.3
1974-05-16,21.2
1974-05-17,20.8
1974-05-18,19.7
1974-05-19,19.2
1974-05-20,19
1974-05-21,17.3
1974-05-22,15.6
1974-05-23,18.5
1974-05-24,21.3
1974-05-25,16.6
1974-05-26,18.3
1974-05-27,14
1974-05-28,13.3
1974-05-29,15.4
1974-05-30,19.8
1974-05-31,16.8
1974-06-01,17.5
1974-06-02,18.7
1974-06-03,19
1974-06-04,20
1974-06-05,19.2
1974-06-06,15.6
1974-06-07,15.1
1974-06-08,14.9
1974-06-09,17.9
1974-06-10,22
1974-06-11,21.6
1974-06-12,14.4
1974-06-13,15
1974-06-14,16.8
1974-06-15,18
1974-06-16,13.2
1974-06-17,12
1974-06-18,13.5
1974-06-19,15.2
1974-06-20,20.9
1974-06-21,20.8
1974-06-22,18.4
1974-06-23,18.6
1974-06-24,18.4
1974-06-25,16
1974-06-26,17.9
1974-06-27,18.3
1974-06-28,15.8
1974-06-29,16.5
1974-06-30,17
1974-07-01,17.3
1974-07-02,11.7
1974-07-03,12.9
1974-07-04,13.1
1974-07-05,14
1974-07-06,14.8
1974-07-07,13.4
1974-07-08,13.1
1974-07-09,14.8
1974-07-10,18.1
1974-07-11,16.9
1974-07-12,14
1974-07-13,11.8
1974-07-14,13.7
1974-07-15,17.9
1974-07-16,14.4
1974-07-17,16.1
1974-07-18,18
1974-07-19,18.4
1974-07-20,15.3
1974-07-21,16
1974-07-22,15.4
1974-07-23,15.7
1974-07-24,10.5
1974-07-25,11.9
1974-07-26,13.8
1974-07-27,15.3
1974-07-28,14.7
1974-07-29,16
1974-07-30,17.8
1974-07-31,17.7
1974-08-01,18
1974-08-02,18.6
1974-08-03,17
1974-08-04,17.4
1974-08-05,17.1
1974-08-06,18
1974-08-07,14.3
1974-08-08,17.9
1974-08-09,17.7
1974-08-10,13.9
1974-08-11,16
1974-08-12,16.5
1974-08-13,16
1974-08-14,18.1
1974-08-15,20.8
1974-08-16,18.9
1974-08-17,14.6
1974-08-18,13.2
1974-08-19,13.3
1974-08-20,17
1974-08-21,14.1
1974-08-22,18.4
1974-08-23,18.1
1974-08-24,18.7
1974-08-25,19.6
1974-08-26,17.6
1974-08-27,19.1
1974-08-28,20
1974-08-29,18.7
1974-08-30,14
1974-08-31,15.1
1974-09-01,14.4
1974-09-02,14.8
1974-09-03,16.3
1974-09-04,15.3
1974-09-05,13.8
1974-09-06,16.6
1974-09-07,17.1
1974-09-08,18.5
1974-09-09,19.3
1974-09-10,16
1974-09-11,18
1974-09-12,19.2
1974-09-13,15.8
1974-09-14,18.3
1974-09-15,18.8
1974-09-16,19.7
1974-09-17,16.8
1974-09-18,18.2
1974-09-19,24
1974-09-20,16.8
1974-09-21,14.3
1974-09-22,18.5
1974-09-23,16.6
1974-09-24,23
1974-09-25,23.9
1974-09-26,23.9
1974-09-27,28.2
1974-09-28,26
1974-09-29,22
1974-09-30,20.2
1974-10-01,18.5
1974-10-02,19.3
1974-10-03,18.3
1974-10-04,20.3
1974-10-05,15.5
1974-10-06,21
1974-10-07,17.3
1974-10-08,17.7
1974-10-09,17.7
1974-10-10,19.2
1974-10-11,15.9
1974-10-12,13.9
1974-10-13,19
1974-10-14,16.6
1974-10-15,23.5
1974-10-16,22.2
1974-10-17,18.9
1974-10-18,19.1
1974-10-19,20.3
1974-10-20,19.4
1974-10-21,19.9
1974-10-22,18.2
1974-10-23,19.5
1974-10-24,20.4
1974-10-25,22.5
1974-10-26,18.8
1974-10-27,22.1
1974-10-28,18.7
1974-10-29,20.4
1974-10-30,18.9
1974-10-31,23.4
1974-11-01,28
1974-11-02,32
1974-11-03,24.4
1974-11-04,18.6
1974-11-05,19.8
1974-11-06,21.1
1974-11-07,20
1974-11-08,21.6
1974-11-09,23.7
1974-11-10,20.1
1974-11-11,19.1
1974-11-12,20.4
1974-11-13,22
1974-11-14,20.9
1974-11-15,18.5
1974-11-16,22.5
1974-11-17,24.2
1974-11-18,27.4
1974-11-19,33.1
1974-11-20,23.1
1974-11-21,19.7
1974-11-22,17.7
1974-11-23,22.3
1974-11-24,20.6
1974-11-25,18.9
1974-11-26,19.8
1974-11-27,20.5
1974-11-28,19
1974-11-29,22.9
1974-11-30,22.6
1974-12-01,20.9
1974-12-02,20.1
1974-12-03,17.2
1974-12-04,18.4
1974-12-05,21.7
1974-12-06,20.6
1974-12-07,20
1974-12-08,20.3
1974-12-09,22.4
1974-12-10,23.9
1974-12-11,24.2
1974-12-12,22.9
1974-12-13,24
1974-12-14,25.2
1974-12-15,26.7
1974-12-16,29.5
1974-12-17,23.7
1974-12-18,21.5
1974-12-19,19.9
1974-12-20,21.8
1974-12-21,21.7
1974-12-22,20.2
1974-12-23,20.4
1974-12-24,20.2
1974-12-25,21.1
1974-12-26,21.7
1974-12-27,25.2
1974-12-28,23.2
1974-12-29,23.3
1974-12-30,22.3
1974-12-31,25.7
1975-01-01,24.3
1975-01-02,23.3
1975-01-03,22.5
1975-01-04,24
1975-01-05,22.6
1975-01-06,24.2
1975-01-07,26
1975-01-08,27.7
1975-01-09,25.5
1975-01-10,26.4
1975-01-11,27.3
1975-01-12,27.3
1975-01-13,31.4
1975-01-14,30.4
1975-01-15,29.9
1975-01-16,26.6
1975-01-17,24.5
1975-01-18,25.6
1975-01-19,25.2
1975-01-20,24.6
1975-01-21,23.5
1975-01-22,23
1975-01-23,24.6
1975-01-24,21.3
1975-01-25,20.6
1975-01-26,21.6
1975-01-27,23.9
1975-01-28,26.3
1975-01-29,30.4
1975-01-30,32.4
1975-01-31,23.4
1975-02-01,23.1
1975-02-02,24
1975-02-03,23.5
1975-02-04,24.1
1975-02-05,22.9
1975-02-06,22.4
1975-02-07,18.2
1975-02-08,21.5
1975-02-09,24.1
1975-02-10,21.1
1975-02-11,23.5
1975-02-12,25.3
1975-02-13,25.5
1975-02-14,23.9
1975-02-15,22.2
1975-02-16,20.8
1975-02-17,22.6
1975-02-18,25.2
1975-02-19,23.1
1975-02-20,22.5
1975-02-21,24
1975-02-22,23.8
1975-02-23,25.2
1975-02-24,25.2
1975-02-25,22.3
1975-02-26,24.3
1975-02-27,27.4
1975-02-28,25.2
NA,25.3
1975-03-01,21.4
1975-03-02,24.6
1975-03-03,23.9
1975-03-04,23.8
1975-03-05,21.7
1975-03-06,23.2
1975-03-07,25.8
1975-03-08,25.7
1975-03-09,25.2
1975-03-10,23.5
1975-03-11,19
1975-03-12,21.6
1975-03-13,20.9
1975-03-14,20.8
1975-03-15,22.4
1975-03-16,23.5
1975-03-17,24.7
1975-03-18,24.3
1975-03-19,22.9
1975-03-20,22.7
1975-03-21,24.1
1975-03-22,24.6
1975-03-23,23.4
1975-03-24,22.9
1975-03-25,25.2
1975-03-26,25.7
1975-03-27,24.5
1975-03-28,25.4
1975-03-29,26.5
1975-03-30,27.2
1975-03-31,25.1
1975-04-01,25.5
1975-04-02,23.6
1975-04-03,25.4
1975-04-04,22.6
1975-04-05,24.9
1975-04-06,20.9
1975-04-07,23.7
1975-04-08,18.4
1975-04-09,15.6
1975-04-10,16.9
1975-04-11,20
1975-04-12,24.7
1975-04-13,24.2
1975-04-14,24.9
1975-04-15,19.6
1975-04-16,17.3
1975-04-17,17.6
1975-04-18,21.7
1975-04-19,19.5
1975-04-20,21
1975-04-21,20.1
1975-04-22,22
1975-04-23,21.4
1975-04-24,22.3
1975-04-25,24.9
1975-04-26,21
1975-04-27,22.7
1975-04-28,26.6
1975-04-29,23.3
1975-04-30,22.7
1975-05-01,24.2
1975-05-02,23.5
1975-05-03,23.9
1975-05-04,24.5
1975-05-05,25.4
1975-05-06,23.5
1975-05-07,21.6
1975-05-08,22.6
1975-05-09,20.2
1975-05-10,20
1975-05-11,21
1975-05-12,15.8
1975-05-13,19.6
1975-05-14,22.1
1975-05-15,22.5
1975-05-16,20.7
1975-05-17,22.2
1975-05-18,21
1975-05-19,19.4
1975-05-20,19
1975-05-21,17.2
1975-05-22,18.4
1975-05-23,19.3
1975-05-24,17.1
1975-05-25,17.7
1975-05-26,21.6
1975-05-27,19.9
1975-05-28,17.7
1975-05-29,18.3
1975-05-30,15.3
1975-05-31,16.8
1975-06-01,19
1975-06-02,20
1975-06-03,20.1
1975-06-04,21.6
1975-06-05,19.2
1975-06-06,20.1
1975-06-07,17.7
1975-06-08,18.5
1975-06-09,18.7
1975-06-10,17.2
1975-06-11,14
1975-06-12,15.5
1975-06-13,21.1
1975-06-14,17.9
1975-06-15,15.1
1975-06-16,11.8
1975-06-17,12.7
1975-06-18,15.8
1975-06-19,15.6
1975-06-20,16
1975-09-19,18.8
1975-09-20,14.5
1975-09-21,22.5
1975-09-22,25.6
1975-09-23,17.4
1975-09-24,17.2
1975-09-25,20.1
1975-09-26,19.8
1975-09-27,17.8
1975-09-28,19.8
1975-09-29,17.7
1975-09-30,21.4
1975-10-01,18
1975-10-02,22.5
1975-10-03,23.7
1975-10-04,19.9
1975-10-05,17.5
1975-10-06,15
1975-10-07,21.7
1975-10-08,20.1
1975-10-09,17.7
1975-10-10,21.3
1975-10-11,22.3
1975-10-12,14.6
1975-10-13,22.7
1975-10-14,17.5
1975-10-15,20.2
1975-10-16,17.7
1975-10-17,20.7
1975-10-18,21.5
1975-10-19,17.2
1975-10-20,24.6
1975-10-21,19.3
1975-10-22,20.4
1975-10-23,18.7
1975-10-24,15.3
1975-10-25,23.3
1975-10-26,20.3
1975-10-27,16.3
1975-10-28,21.8
1975-10-29,20.9
1975-10-30,23.3
1975-10-31,20.6
1975-11-01,22.2
1975-11-02,24.5
1975-11-03,23.1
1975-11-04,18.5
1975-11-05,16.2
1975-11-06,20.8
1975-11-07,25.8
1975-11-08,21.5
1975-11-09,18.4
1975-11-10,20.9
1975-11-11,19.3
1975-11-12,25.9
1975-11-13,26.5
1975-11-14,16.5
1975-11-15,17.6
1975-11-16,20.1
1975-11-17,20.5
1975-11-18,19.7
1975-11-19,24.7
1975-11-20,21.8
1975-11-21,22
1975-11-22,21.9
1975-11-23,23.3
1975-11-24,22.7
1975-11-25,21.1
1975-11-26,20.9
1975-11-27,20.8
1975-11-28,20.4
1975-11-29,19.3
1975-11-30,20.7
1975-12-01,21
1975-12-02,26.4
1975-12-03,25.8
1975-12-04,25.2
1975-12-05,22
1975-12-06,21.5
1975-12-07,21.4
1975-12-08,25.1
1975-12-09,29.2
1975-12-10,23.3
1975-12-11,20
1975-12-12,23.4
1975-12-13,24.7
1975-12-14,28.7
1975-12-15,29.7
1975-12-16,32.9
1975-12-17,25.6
1975-12-18,26.5
1975-12-19,23.9
1975-12-20,22.6
1975-12-21,20.9
1975-12-22,24.2
1975-12-23,26.3
1975-12-24,28.8
1975-12-25,24.8
1975-12-26,18.5
1975-12-27,21.9
1975-12-28,21.9
1975-12-29,23.8
1975-12-30,23.1
1976-01-01,23.3
1976-01-02,26.4
1976-01-03,27.5
1976-01-04,25.8
1976-01-05,20.5
1976-01-06,18.5
1976-01-07,21.2
1976-01-08,24.7
1976-01-09,25.3
1976-01-10,22.6
1976-01-11,21.6
1976-01-12,22.8
1976-01-13,21.1
1976-01-14,22.4
1976-01-15,26.3
1976-01-16,28.4
1976-01-17,25.6
1976-01-18,22.9
1976-01-19,22.1
1976-01-20,25
1976-01-21,23.5
1976-01-22,24
1976-01-23,21.6
1976-01-24,21.5
1976-01-25,24.2
1976-01-26,25.2
1976-01-27,25.5
1976-01-28,29.1
1976-01-29,29.6
1976-01-30,25.9
1976-01-31,25.5
1976-02-01,25.1
1976-02-02,23.4
1976-02-03,25.3
1976-02-04,24.7
1976-02-05,23.2
1976-02-06,22.2
1976-02-07,25.8
1976-02-08,27.5
1976-02-09,25.7
1976-02-10,24.3
1976-02-11,24.9
1976-02-12,24.2
1976-02-13,26.5
1976-02-14,27.3
1976-02-15,28.4
1976-02-16,28.4
1976-02-17,28.5
1976-02-18,29.5
1976-02-19,24.7
1976-02-20,24
1976-02-21,25.1
1976-02-22,23.3
1976-02-23,22
1976-02-24,25.2
1976-02-25,26.7
1976-02-26,22.2
1976-02-27,24.8
1976-02-28,27.5
1976-03-01,29.4
1976-03-02,31
1976-03-03,28.7
1976-03-04,28.6
1976-03-05,29.3
1976-03-06,27.3
1976-03-07,27.9
1976-03-08,29.3
1976-03-09,30.4
1976-03-10,27.3
1976-03-11,26.8
1976-03-12,26.7
1976-03-13,21.8
1976-03-14,24.1
1976-03-15,24
1976-03-16,23.8
1976-03-17,21
1976-03-18,21.5
1976-03-19,24
1976-03-20,26.1
1976-03-21,26.3
1976-03-22,25.9
1976-03-23,25.5
1976-03-24,22.6
1976-03-25,22.2
1976-03-26,18.4
1976-03-27,18.5
1976-03-28,20.8
1976-03-29,19.4
1976-03-30,18.7
1976-03-31,21.6
1976-04-01,22.3
1976-04-02,24.1
1976-04-03,23.2
1976-04-04,23.2
1976-04-05,28.2
1976-04-06,21.6
1976-04-07,23.2
1976-04-08,20.9
1976-04-09,22.9
1976-04-10,22.5
1976-04-11,24.3
1976-04-12,22.9
1976-04-13,23
1976-04-14,21.9
1976-04-15,17.5
1976-04-16,20.4
1976-04-17,19.9
1976-04-18,21
1976-04-19,17.6
1976-04-20,18
1976-04-21,18.6
1976-04-22,19.2
1976-04-23,18.8
1976-04-24,17.3
1976-04-25,20
1976-04-26,20.9
1976-04-27,23
1976-04-28,24.8
1976-04-29,23.5
1976-04-30,22.2
1976-05-01,23.2
1976-05-02,23.6
1976-05-03,20.8
1976-05-04,23.4
1976-05-05,19.4
1976-05-06,19.3
1976-05-07,19.8
1976-05-08,19.5
1976-05-09,18.5
1976-05-10,21.5
1976-05-11,22.7
1976-05-12,21.7
1976-05-13,20.9
1976-05-14,20.4
1976-05-15,18.7
1976-05-16,17.3
1976-05-17,17.1
1976-05-18,20.7
1976-05-19,20.6
1976-05-20,16.4
1976-05-21,14.2
1976-05-22,20
1976-05-23,18.5
1976-05-24,18.2
1976-05-25,19.7
1976-05-26,18
1976-05-27,19.2
1976-05-28,19.3
1976-05-29,21.1
1976-05-30,22.2
1976-05-31,15.6
1976-06-01,11.3
1976-06-02,10.4
1976-06-03,11.1
1976-06-04,15.6
1976-06-05,17.9
1976-06-06,16.8
1976-06-07,18
1976-06-08,19.3
1976-06-09,16.9
1976-06-10,16.2
1976-06-11,17.6
1976-06-12,17.8
1976-06-13,15.2
1976-06-14,18.5
1976-06-15,19.2
1976-06-16,18.7
1976-06-17,20.2
1976-06-18,19.2
1976-06-19,19.1
1976-06-20,17.1
1976-06-21,15.6
1976-06-22,14
1976-06-23,13.7
1976-06-24,14.3
1976-06-25,13.5
1976-06-26,11.3
1976-06-27,10.4
1976-06-28,9.5
1976-06-29,11.4
1976-06-30,17
1976-07-01,15
1976-07-02,16.1
1976-07-03,18.7
1976-07-04,15.9
1976-07-05,14.3
1976-07-06,16
1976-07-07,15.2
1976-07-08,16
1976-07-09,18.7
1976-07-10,17
1976-07-11,17.5
1976-07-12,16.1
1976-07-13,16.5
1976-07-14,12.3
1976-07-15,10.8
1976-07-16,11.6
1976-07-17,14.3
1976-07-18,14.8
1976-07-19,14.8
1976-07-20,16.2
1976-07-21,14.3
1976-07-22,10.6
1976-07-23,12.1
1976-07-24,14.3
1976-07-25,16.7
1976-07-26,13.2
1976-07-27,14.5
1976-07-28,18
1976-07-29,20.2
1976-07-30,17
1976-07-31,16.6
1976-08-01,12.7
1976-08-02,16.5
1976-08-03,17.1
1976-08-04,17.4
1976-08-05,16.1
1976-08-06,16.6
1976-08-07,16.6
1976-08-08,14.6
1976-08-09,16
1976-08-10,19.5
1976-08-11,16.3
1976-08-12,16.8
1976-08-13,14.8
1976-08-14,12.8
1976-08-15,14.8
1976-08-16,15.7
1976-08-17,15.6
1976-08-18,15.6
1976-08-19,18
1976-08-20,17.1
1976-08-21,14.1
1976-08-22,17.6
1976-08-23,16
1976-08-24,14.5
1976-08-25,16.4
1976-08-26,15.2
1976-08-27,13.2
1976-08-28,15.3
1976-08-29,16
1976-08-30,13
1976-08-31,17
1976-09-01,17.8
1976-09-02,17.8
1976-09-03,15.1
1976-09-04,17.6
1976-09-05,17.9
1976-09-06,16.8
1976-09-07,14
1976-09-08,16
1976-09-09,22.3
1976-09-10,16.9
1976-09-11,16.5
1976-09-12,17.3
1976-09-13,16.2
1976-09-14,15.5
1976-09-15,17.9
1976-09-16,16.4
1976-09-17,18.9
1976-09-18,18.3
1976-09-19,19.6
1976-09-20,17.6
1976-09-21,16.2
1976-09-22,21.6
1976-09-23,16.8
1976-09-24,15.3
1976-09-25,18.2
1976-09-26,14.8
1976-09-27,18
1976-09-28,14
1976-09-29,20.9
1976-09-30,22.4
1976-10-01,19.5
1976-10-02,15.2
1976-10-03,14.1
1976-10-04,18.5
1976-10-05,20.7
1976-10-06,18.2
1976-10-07,16.3
1976-10-08,18.7
1976-10-09,18.4
1976-10-10,19
1976-10-11,19.9
1976-10-12,20
1976-10-13,19.9
1976-10-14,17
1976-10-15,20.2
1976-10-16,16.5
1976-10-17,16.2
1976-10-18,22.2
1976-10-19,21.9
1976-10-20,18.4
1976-10-21,19.2
1976-10-22,18.5
1976-10-23,21.4
1976-10-24,19.2
1976-10-25,22.4
1976-10-26,20.6
1976-10-27,17
1976-10-28,18
1976-10-29,18.3
1976-10-30,22.5
1976-10-31,17
1976-11-01,17.1
1976-11-02,19
1976-11-03,17.5
1976-11-04,21.5
1976-11-05,24
1976-11-06,22.3
1976-11-07,20
1976-11-08,20.9
1976-11-09,17.3
1976-11-10,18.7
1976-11-11,20.3
1976-11-12,21.5
1976-11-13,18.4
1976-11-14,20.4
1976-11-15,22.2
1976-11-16,22.8
1976-11-17,25
1976-11-18,19.9
1976-11-19,20.9
1976-11-20,21.4
1976-11-21,22.2
1976-11-22,24.5
1976-11-23,30.6
1976-11-24,23.9
1976-11-25,23.4
1976-11-26,21.9
1976-11-27,22.1
1976-11-28,23
1976-11-29,26.9
1976-11-30,26.7
1976-12-01,25.3
1976-12-02,27.3
1976-12-03,22.7
1976-12-04,22.3
1976-12-05,19.6
1976-12-06,23.1
1976-12-07,25
1976-12-08,25.5
1976-12-09,23.1
1976-12-10,27.7
1976-12-11,25.2
1976-12-12,23.8
1976-12-13,21.6
1976-12-14,19.4
1976-12-15,21.2
1976-12-16,21.6
1976-12-17,21.1
1976-12-18,26.3
1976-12-19,25.4
1976-12-20,21.6
1976-12-21,21.3
1976-12-22,20.8
1976-12-23,21
1976-12-24,21.7
1976-12-25,25.4
1976-12-26,25
1976-12-27,22.3
1976-12-28,20.7
1976-12-29,19.4
1976-12-30,23.4
1976-12-31,21.7
1977-01-01,23.8
1977-01-02,22.3
1977-01-03,24.6
1977-01-04,23.5
1977-01-05,23.3
1977-01-06,24.3
1977-01-07,25.4
1977-01-08,23.8
1977-01-09,26.4
1977-01-10,27.8
1977-01-11,31.1
1977-01-12,28
1977-01-13,24.5
1977-01-14,24.8
1977-01-15,23.7
1977-01-16,19.7
1977-01-17,20.5
1977-01-18,24
1977-01-19,23.5
1977-01-20,23.5
1977-01-21,22.3
1977-01-22,23.3
1977-01-23,23.3
1977-01-24,29.5
1977-01-25,24
1977-01-26,26.1
1977-01-27,25.9
1977-01-28,25.9
1977-01-29,22.6
1977-01-30,25.4
1977-01-31,25.1
1977-02-01,21
1977-02-02,21.2
1977-02-03,23.8
1977-02-04,23.8
1977-02-05,23.4
1977-02-06,21.9
1977-02-07,22.4
1977-02-08,24.9
1977-02-09,25.1
1977-02-10,26.6
1977-02-11,24.6
1977-02-12,24
1977-02-13,22
1977-02-14,23.1
1977-02-15,26.3
1977-02-16,24.7
1977-02-17,27.6
1977-02-18,21.7
1977-02-19,23
1977-02-20,22.7
1977-02-21,25.3
1977-02-22,29
1977-02-23,26
1977-02-24,24.2
1977-02-25,25.5
1977-02-26,25.5
1977-02-27,26.3
1977-02-28,28.1
1977-03-01,28.3
1977-03-02,26.3
1977-03-03,28
1977-03-04,28.8
1977-03-05,28.3
1977-03-06,26.2
1977-03-07,23.2
1977-03-08,19.3
1977-03-09,22
1977-03-10,24.3
1977-03-11,24
1977-03-12,21.1
1977-03-13,18.2
1977-03-14,20
1977-03-15,24
1977-03-16,20.6
1977-03-17,20.6
1977-03-18,24.1
1977-03-19,24
1977-03-20,22.6
1977-03-21,21.5
1977-03-22,23.3
1977-03-23,25
1977-03-24,26.4
1977-03-25,25.9
1977-03-26,27
1977-03-27,29.6
1977-03-28,23.2
1977-03-29,19.9
1977-03-30,20.9
1977-03-31,22.3
1977-04-01,24.3
1977-04-02,23.7
1977-04-03,20
1977-04-04,21.2
1977-04-05,23.2
1977-04-06,26
1977-04-07,24.8
1977-04-08,24.2
1977-04-09,24.1
1977-04-10,23.7
1977-04-11,27.5
1977-04-12,25.4
1977-04-13,27.4
1977-04-14,24.1
1977-04-15,18.9
1977-04-16,19.2
1977-04-17,21.6
1977-04-18,22.2
1977-04-19,20.5
1977-04-20,22.8
1977-04-21,23.5
1977-04-22,23.7
1977-04-23,20.2
1977-04-24,21.7
1977-04-25,22.7
1977-04-26,20.5
1977-04-27,19.4
1977-04-28,17.9
1977-04-29,20.1
1977-04-30,18.5
1977-05-01,22
1977-05-02,22.9
1977-05-03,21.6
1977-05-04,23.3
1977-05-05,25
1977-05-06,22.3
1977-05-07,16
1977-05-08,13.9
1977-05-09,15.9
1977-05-10,22.7
1977-05-11,19.6
1977-05-12,21.3
1977-05-13,20.1
1977-05-14,19.2
1977-05-15,18.5
1977-05-16,17.9
1977-05-17,22.4
1977-05-18,18.1
1977-05-19,18.4
1977-05-20,17.7
1977-05-21,14.8
1977-05-22,13.5
1977-05-23,16.2
1977-05-24,19
1977-05-25,19.5
1977-05-26,19.7
1977-08-25,16.4
1977-08-26,17
1977-08-27,11.1
1977-08-28,14.9
1977-08-29,20.6
1977-08-30,17.6
1977-08-31,16.9
1977-09-01,15
1977-09-02,18.5
1977-09-03,17.6
1977-09-04,16.6
1977-09-05,19.4
1977-09-06,19.3
1977-09-07,16.5
1977-09-08,12
1977-09-09,14.3
1977-09-10,19.5
1977-09-11,23.6
1977-09-12,21.6
1977-09-13,18.8
1977-09-14,16.2
1977-09-15,19.1
1977-09-16,19.4
1977-09-17,12.7
1977-09-18,16.3
1977-09-19,20.6
1977-09-20,25.3
1977-09-21,18.6
1977-09-22,15.8
1977-09-23,14.2
1977-09-24,19.6
1977-09-25,25.3
1977-09-26,18.8
1977-09-27,13.6
1977-09-28,20.1
1977-09-29,17.7
1977-09-30,19
1977-10-01,20.3
1977-10-02,19.5
1977-10-03,18.9
1977-10-04,20
1977-10-05,23
1977-10-06,18.2
1977-10-07,18.8
1977-10-08,15
1977-10-09,18.8
1977-10-10,18.2
1977-10-11,20.8
1977-10-12,19.3
1977-10-13,16.5
1977-10-14,16.7
1977-10-15,24.8
1977-10-16,23.6
1977-10-17,19.5
1977-10-18,20.3
1977-10-19,19.9
1977-10-20,15.4
1977-10-21,19.9
1977-10-22,18
1977-10-23,19.9
1977-10-24,21.4
1977-10-25,20.6
1977-10-26,22.3
1977-10-27,23.4
1977-10-28,27.4
1977-10-29,22.6
1977-10-30,23.9
1977-10-31,23.8
1977-11-01,24.4
1977-11-02,20.8
1977-11-03,22
1977-11-04,20.1
1977-11-05,21.5
1977-11-06,27.3
1977-11-07,28.2
1977-11-08,24.4
1977-11-09,22.1
1977-11-10,20.5
1977-11-11,17.6
1977-11-12,21.6
1977-11-13,22.8
1977-11-14,23.6
1977-11-15,22.2
1977-11-16,21.3
1977-11-17,17.8
1977-11-18,19.7
1977-11-19,18.9
1977-11-20,17.3
1977-11-21,24
1977-11-22,21.2
1977-11-23,19.5
1977-11-24,20.1
1977-11-25,22
1977-11-26,21.9
1977-11-27,17.8
1977-11-28,23.7
1977-11-29,23.7
1977-11-30,21.7
1977-12-01,22.3
1977-12-02,22.2
1977-12-03,25.2
1977-12-04,26.3
1977-12-05,29.5
1977-12-06,29.2
1977-12-07,28.4
1977-12-08,24.5
1977-12-09,23.1
1977-12-10,20
1977-12-11,20.1
1977-12-12,23
1977-12-13,20.4
1977-12-14,21.5
1977-12-15,22.4
1977-12-16,22.6
1977-12-17,22.9
1977-12-18,26.2
1977-12-19,23.7
1977-12-20,24.4
1977-12-21,22.1
1977-12-22,22.2
1977-12-23,22.9
1977-12-24,19
1977-12-25,21.9
1977-12-26,23.6
1977-12-27,23
1977-12-28,22.6
1977-12-29,22.5
1977-12-30,24.7
1977-12-31,22
